2026-09-26 12:33:31,091 [INFO] great_sage.app: Great Sage starting (frozen=False, base=C:\Users\peang\Downloads\The-GREAT-SAGE-OPTIMIZED-v4\fullopt)
2026-09-26 12:33:31,118 [INFO] great_sage.app: Fast startup: recent successful preflight cached
2026-09-26 12:33:31,680 [INFO] run_hud: Starting Great Sage HUD
2026-09-26 12:33:34,815 [INFO] great_sage.core.hud_settings: Seeded settings from the shipped defaults
2026-09-26 12:33:34,827 [INFO] run_hud: Backend ready
2026-09-26 12:33:34,831 [INFO] great_sage.server: Restored active voice: voice_a
2026-09-26 12:33:34,831 [INFO] great_sage.server: Restored voice FX settings
2026-09-26 12:33:34,837 [INFO] great_sage.server: Autonomy running (0 task(s) restored)
2026-09-26 12:33:34,842 [INFO] great_sage.server: Watching for fullscreen games (auto GAMING mode)
2026-09-26 12:33:34,849 [INFO] great_sage.core.global_hotkey: Global hotkey active: alt+1 (works from any window)
2026-09-26 12:33:34,854 [INFO] run_hud: Placed window centre at (1608,175) size 1904x1041
2026-09-26 12:33:34,866 [INFO] websockets.server: server listening on [::1]:8765
2026-09-26 12:33:34,866 [INFO] websockets.server: server listening on 127.0.0.1:8765
2026-09-26 12:33:34,866 [INFO] great_sage.server: WebSocket bridge listening on ws://localhost:8765
2026-09-26 12:33:34,893 [INFO] run_hud: Resize border on (style now 0x16050000)
2026-09-26 12:33:34,899 [INFO] run_hud: Host window background set to #070d14 (was the WinForms default, 240,240,240)
2026-09-26 12:33:35,921 [INFO] run_hud: start_drag dispatched
2026-09-26 12:33:36,661 [INFO] websockets.server: connection open
2026-09-26 12:33:36,662 [INFO] great_sage.server: Client connected (::1:57576) ML, like Gecko) Chrome/153.0.0.0 Safari/537.36 Edg/153.0.0.0
2026-09-26 12:33:36,662 [INFO] great_sage.server: Mode: COMPANION (model resident=True, hud fps=normal, wake word=True, web=True, online=True)
2026-09-26 12:33:36,678 [INFO] great_sage.server: Client is the hud
2026-09-26 12:33:36,678 [INFO] great_sage.server: Interface sounds ready (12/12)
2026-09-26 12:33:37,284 [INFO] great_sage.server: Response language changed live: en
2026-09-26 12:33:37,284 [INFO] great_sage.server: Voice key is now alt+1 (works from any window)
2026-09-26 12:34:46,607 [INFO] great_sage.server: Mode: COMPANION (model resident=True, hud fps=normal, wake word=True, web=True, online=True)
2026-09-26 12:34:46,608 [INFO] great_sage.server: AI settings saved (provider=local, tts=f5, keys set: [])
2026-09-26 12:34:47,849 [INFO] run_hud: start_drag dispatched
2026-09-26 12:34:50,490 [INFO] great_sage.server: Voice key down: listening (mode COMPANION)
2026-09-26 12:34:52,633 [INFO] great_sage.server: Voice key up: transcribing
2026-09-26 12:34:52,708 [INFO] great_sage.voice.speech_to_text: Registered DLL directory for CUDA/cuDNN lookup: C:\Users\peang\AppData\Local\Programs\Python\Python314\Lib\site-packages\torch\lib
2026-09-26 12:34:52,709 [INFO] great_sage.voice.speech_to_text: Registered DLL directory for CUDA/cuDNN lookup: C:\Users\peang\AppData\Local\Programs\Python\Python314\Lib\site-packages\ctranslate2
2026-09-26 12:34:52,856 [INFO] great_sage.voice.speech_to_text: Loading Whisper profile: {'model': 'large-v3-turbo', 'device': 'cuda', 'compute_type': 'float16'}
2026-09-26 12:34:53,460 [INFO] httpx: HTTP Request: GET https://huggingface.co/api/models/mobiuslabsgmbh/faster-whisper-large-v3-turbo/revision/main "HTTP/1.1 307 Temporary Redirect"
2026-09-26 12:34:53,567 [INFO] httpx: HTTP Request: GET https://huggingface.co/api/models/dropbox-dash/faster-whisper-large-v3-turbo/revision/main "HTTP/1.1 200 OK"
2026-09-26 12:34:57,406 [INFO] faster_whisper: Processing audio with duration 00:02.106
2026-09-26 12:34:57,576 [INFO] faster_whisper: VAD filter removed 00:00.240 of audio
2026-09-26 12:34:57,667 [WARNING] great_sage.voice.speech_to_text: Whisper CUDA inference failed (Library cublas64_12.dll is not found or cannot be loaded); retrying transcription on CPU
2026-09-26 12:34:57,667 [WARNING] great_sage.voice.speech_to_text: Whisper GPU inference unavailable; switching STT to CPU: {'model': 'base.en', 'device': 'cpu', 'compute_type': 'int8'}
2026-09-26 12:34:57,773 [INFO] httpx: HTTP Request: GET https://huggingface.co/api/models/Systran/faster-whisper-base.en/revision/main "HTTP/1.1 200 OK"
2026-09-26 12:34:58,213 [INFO] faster_whisper: Processing audio with duration 00:02.106
2026-09-26 12:34:58,216 [INFO] faster_whisper: VAD filter removed 00:00.240 of audio
2026-09-26 12:34:58,622 [INFO] great_sage.voice.speech_to_text: Transcribed 2.1s (en): 'So do you come off you go'
2026-09-26 12:35:08,907 [INFO] great_sage.server: Response language changed live: en
2026-09-26 12:35:08,908 [INFO] great_sage.server: Voice key is now alt+1 (works from any window)
2026-09-26 12:35:36,404 [INFO] great_sage.voice.f5_tts_engine: F5-TTS device: cuda
2026-09-26 12:35:36,544 [INFO] httpx: HTTP Request: HEAD https://huggingface.co/charactr/vocos-mel-24khz/resolve/main/config.yaml "HTTP/1.1 307 Temporary Redirect"
2026-09-26 12:35:36,544 [WARNING] huggingface_hub.utils._http: Warning: You are sending unauthenticated requests to the HF Hub. Please set a HF_TOKEN to enable higher rate limits and faster downloads.
2026-09-26 12:35:36,556 [INFO] httpx: HTTP Request: HEAD https://huggingface.co/api/resolve-cache/models/charactr/vocos-mel-24khz/0feb3fdd929bcd6649e0e7c5a688cf7dd012ef21/config.yaml?%2Fcharactr%2Fvocos-mel-24khz%2Fresolve%2Fmain%2Fconfig.yaml=&etag=%22538262138a8b43863802f279909f26ec31c766b3%22 "HTTP/1.1 200 OK"
2026-09-26 12:35:36,666 [INFO] httpx: HTTP Request: HEAD https://huggingface.co/charactr/vocos-mel-24khz/resolve/main/pytorch_model.bin "HTTP/1.1 302 Found"
2026-09-26 12:35:37,042 [INFO] httpx: HTTP Request: HEAD https://huggingface.co/SWivid/F5-TTS/resolve/main/F5TTS_v1_Base/model_1250000.safetensors "HTTP/1.1 302 Found"
2026-09-26 12:35:41,365 [ERROR] great_sage.server: Voice/audio error speaking reply to 'So do you come off you go'
Traceback (most recent call last):
  File "C:\Users\peang\AppData\Local\Programs\Python\Python314\Lib\site-packages\torchaudio\_torchcodec.py", line 116, in load_with_torchcodec
    decoder = AudioDecoder(uri)
  File "C:\Users\peang\AppData\Local\Programs\Python\Python314\Lib\site-packages\torchcodec\decoders\_audio_decoder.py", line 73, in __init__
    ) = create_audio_decoder(
        ~~~~~~~~~~~~~~~~~~~~^
        source=source,
        ^^^^^^^^^^^^^^
    ...<3 lines>...
        num_channels=num_channels,
        ^^^^^^^^^^^^^^^^^^^^^^^^^^
    )
    ^
  File "C:\Users\peang\AppData\Local\Programs\Python\Python314\Lib\site-packages\torchcodec\_core\_decoder_utils.py", line 81, in create_audio_decoder
    decoder = create_decoder(source=source, seek_mode=seek_mode)
  File "C:\Users\peang\AppData\Local\Programs\Python\Python314\Lib\site-packages\torchcodec\_core\_decoder_utils.py", line 46, in create_decoder
    load_core_libraries()
    ~~~~~~~~~~~~~~~~~~~^^
  File "C:\Users\peang\AppData\Local\Programs\Python\Python314\Lib\site-packages\torchcodec\_internally_replaced_utils.py", line 145, in load_core_libraries
    raise RuntimeError(
    ...<16 lines>...
    )
RuntimeError: Could not load libtorchcodec. Likely causes:
          1. FFmpeg is not properly installed in your environment. We support
             versions 4, 5, 6, 7, 8, and 9, and we attempt to load libtorchcodec
             for each of those versions. Errors for versions not installed on
             your system are expected; only the error for your installed FFmpeg
             version is relevant. On Windows, ensure you've installed the
             "full-shared" version which ships DLLs.
          2. The PyTorch version (2.14.0+cu130) is not compatible with
             this version of TorchCodec. Refer to the version compatibility
             table:
             https://github.com/pytorch/torchcodec?tab=readme-ov-file#installing-torchcodec.
          3. Another runtime dependency; see exceptions below.

        The following exceptions were raised as we tried to load libtorchcodec:
        
[start of libtorchcodec loading traceback]
FFmpeg version 9:
Traceback (most recent call last):
  File "C:\Users\peang\AppData\Local\Programs\Python\Python314\Lib\site-packages\torch\_ops.py", line 1587, in load_library
    ctypes.CDLL(path)
    ~~~~~~~~~~~^^^^^^
  File "C:\Users\peang\AppData\Local\Programs\Python\Python314\Lib\ctypes\__init__.py", line 462, in __init__
    self._handle = _dlopen(self._name, mode)
                   ~~~~~~~^^^^^^^^^^^^^^^^^^
FileNotFoundError: Could not find module 'C:\Users\peang\AppData\Local\Programs\Python\Python314\Lib\site-packages\torchcodec\libtorchcodec_core9.dll' (or one of its dependencies). Try using the full path with constructor syntax.

The above exception was the direct cause of the following exception:

Traceback (most recent call last):
  File "C:\Users\peang\AppData\Local\Programs\Python\Python314\Lib\site-packages\torchcodec\_internally_replaced_utils.py", line 132, in load_core_libraries
    torch.ops.load_library(core_library_path)
    ~~~~~~~~~~~~~~~~~~~~~~^^^^^^^^^^^^^^^^^^^
  File "C:\Users\peang\AppData\Local\Programs\Python\Python314\Lib\site-packages\torch\_ops.py", line 1589, in load_library
    raise OSError(f"Could not load this library: {path}") from e
OSError: Could not load this library: C:\Users\peang\AppData\Local\Programs\Python\Python314\Lib\site-packages\torchcodec\libtorchcodec_core9.dll

FFmpeg version 8:
Traceback (most recent call last):
  File "C:\Users\peang\AppData\Local\Programs\Python\Python314\Lib\site-packages\torch\_ops.py", line 1587, in load_library
    ctypes.CDLL(path)
    ~~~~~~~~~~~^^^^^^
  File "C:\Users\peang\AppData\Local\Programs\Python\Python314\Lib\ctypes\__init__.py", line 462, in __init__
    self._handle = _dlopen(self._name, mode)
                   ~~~~~~~^^^^^^^^^^^^^^^^^^
FileNotFoundError: Could not find module 'C:\Users\peang\AppData\Local\Programs\Python\Python314\Lib\site-packages\torchcodec\libtorchcodec_core8.dll' (or one of its dependencies). Try using the full path with constructor syntax.

The above exception was the direct cause of the following exception:

Traceback (most recent call last):
  File "C:\Users\peang\AppData\Local\Programs\Python\Python314\Lib\site-packages\torchcodec\_internally_replaced_utils.py", line 132, in load_core_libraries
    torch.ops.load_library(core_library_path)
    ~~~~~~~~~~~~~~~~~~~~~~^^^^^^^^^^^^^^^^^^^
  File "C:\Users\peang\AppData\Local\Programs\Python\Python314\Lib\site-packages\torch\_ops.py", line 1589, in load_library
    raise OSError(f"Could not load this library: {path}") from e
OSError: Could not load this library: C:\Users\peang\AppData\Local\Programs\Python\Python314\Lib\site-packages\torchcodec\libtorchcodec_core8.dll

FFmpeg version 7:
Traceback (most recent call last):
  File "C:\Users\peang\AppData\Local\Programs\Python\Python314\Lib\site-packages\torch\_ops.py", line 1587, in load_library
    ctypes.CDLL(path)
    ~~~~~~~~~~~^^^^^^
  File "C:\Users\peang\AppData\Local\Programs\Python\Python314\Lib\ctypes\__init__.py", line 462, in __init__
    self._handle = _dlopen(self._name, mode)
                   ~~~~~~~^^^^^^^^^^^^^^^^^^
FileNotFoundError: Could not find module 'C:\Users\peang\AppData\Local\Programs\Python\Python314\Lib\site-packages\torchcodec\libtorchcodec_core7.dll' (or one of its dependencies). Try using the full path with constructor syntax.

The above exception was the direct cause of the following exception:

Traceback (most recent call last):
  File "C:\Users\peang\AppData\Local\Programs\Python\Python314\Lib\site-packages\torchcodec\_internally_replaced_utils.py", line 132, in load_core_libraries
    torch.ops.load_library(core_library_path)
    ~~~~~~~~~~~~~~~~~~~~~~^^^^^^^^^^^^^^^^^^^
  File "C:\Users\peang\AppData\Local\Programs\Python\Python314\Lib\site-packages\torch\_ops.py", line 1589, in load_library
    raise OSError(f"Could not load this library: {path}") from e
OSError: Could not load this library: C:\Users\peang\AppData\Local\Programs\Python\Python314\Lib\site-packages\torchcodec\libtorchcodec_core7.dll

FFmpeg version 6:
Traceback (most recent call last):
  File "C:\Users\peang\AppData\Local\Programs\Python\Python314\Lib\site-packages\torch\_ops.py", line 1587, in load_library
    ctypes.CDLL(path)
    ~~~~~~~~~~~^^^^^^
  File "C:\Users\peang\AppData\Local\Programs\Python\Python314\Lib\ctypes\__init__.py", line 462, in __init__
    self._handle = _dlopen(self._name, mode)
                   ~~~~~~~^^^^^^^^^^^^^^^^^^
FileNotFoundError: Could not find module 'C:\Users\peang\AppData\Local\Programs\Python\Python314\Lib\site-packages\torchcodec\libtorchcodec_core6.dll' (or one of its dependencies). Try using the full path with constructor syntax.

The above exception was the direct cause of the following exception:

Traceback (most recent call last):
  File "C:\Users\peang\AppData\Local\Programs\Python\Python314\Lib\site-packages\torchcodec\_internally_replaced_utils.py", line 132, in load_core_libraries
    torch.ops.load_library(core_library_path)
    ~~~~~~~~~~~~~~~~~~~~~~^^^^^^^^^^^^^^^^^^^
  File "C:\Users\peang\AppData\Local\Programs\Python\Python314\Lib\site-packages\torch\_ops.py", line 1589, in load_library
    raise OSError(f"Could not load this library: {path}") from e
OSError: Could not load this library: C:\Users\peang\AppData\Local\Programs\Python\Python314\Lib\site-packages\torchcodec\libtorchcodec_core6.dll

FFmpeg version 5:
Traceback (most recent call last):
  File "C:\Users\peang\AppData\Local\Programs\Python\Python314\Lib\site-packages\torch\_ops.py", line 1587, in load_library
    ctypes.CDLL(path)
    ~~~~~~~~~~~^^^^^^
  File "C:\Users\peang\AppData\Local\Programs\Python\Python314\Lib\ctypes\__init__.py", line 462, in __init__
    self._handle = _dlopen(self._name, mode)
                   ~~~~~~~^^^^^^^^^^^^^^^^^^
FileNotFoundError: Could not find module 'C:\Users\peang\AppData\Local\Programs\Python\Python314\Lib\site-packages\torchcodec\libtorchcodec_core5.dll' (or one of its dependencies). Try using the full path with constructor syntax.

The above exception was the direct cause of the following exception:

Traceback (most recent call last):
  File "C:\Users\peang\AppData\Local\Programs\Python\Python314\Lib\site-packages\torchcodec\_internally_replaced_utils.py", line 132, in load_core_libraries
    torch.ops.load_library(core_library_path)
    ~~~~~~~~~~~~~~~~~~~~~~^^^^^^^^^^^^^^^^^^^
  File "C:\Users\peang\AppData\Local\Programs\Python\Python314\Lib\site-packages\torch\_ops.py", line 1589, in load_library
    raise OSError(f"Could not load this library: {path}") from e
OSError: Could not load this library: C:\Users\peang\AppData\Local\Programs\Python\Python314\Lib\site-packages\torchcodec\libtorchcodec_core5.dll

FFmpeg version 4:
Traceback (most recent call last):
  File "C:\Users\peang\AppData\Local\Programs\Python\Python314\Lib\site-packages\torch\_ops.py", line 1587, in load_library
    ctypes.CDLL(path)
    ~~~~~~~~~~~^^^^^^
  File "C:\Users\peang\AppData\Local\Programs\Python\Python314\Lib\ctypes\__init__.py", line 462, in __init__
    self._handle = _dlopen(self._name, mode)
                   ~~~~~~~^^^^^^^^^^^^^^^^^^
FileNotFoundError: Could not find module 'C:\Users\peang\AppData\Local\Programs\Python\Python314\Lib\site-packages\torchcodec\libtorchcodec_core4.dll' (or one of its dependencies). Try using the full path with constructor syntax.

The above exception was the direct cause of the following exception:

Traceback (most recent call last):
  File "C:\Users\peang\AppData\Local\Programs\Python\Python314\Lib\site-packages\torchcodec\_internally_replaced_utils.py", line 132, in load_core_libraries
    torch.ops.load_library(core_library_path)
    ~~~~~~~~~~~~~~~~~~~~~~^^^^^^^^^^^^^^^^^^^
  File "C:\Users\peang\AppData\Local\Programs\Python\Python314\Lib\site-packages\torch\_ops.py", line 1589, in load_library
    raise OSError(f"Could not load this library: {path}") from e
OSError: Could not load this library: C:\Users\peang\AppData\Local\Programs\Python\Python314\Lib\site-packages\torchcodec\libtorchcodec_core4.dll
[end of libtorchcodec loading traceback].

The above exception was the direct cause of the following exception:

Traceback (most recent call last):
  File "C:\Users\peang\Downloads\The-GREAT-SAGE-OPTIMIZED-v4\fullopt\great_sage\voice\f5_tts_engine.py", line 385, in _generate_once
    wav, sample_rate, _ = self._infer_process(
                          ~~~~~~~~~~~~~~~~~~~^
        ref_audio, ref_text, text,
        ^^^^^^^^^^^^^^^^^^^^^^^^^^
    ...<4 lines>...
        device=self._api.device,
        ^^^^^^^^^^^^^^^^^^^^^^^^
    )
    ^
  File "C:\Users\peang\AppData\Local\Programs\Python\Python314\Lib\site-packages\f5_tts\infer\utils_infer.py", line 403, in infer_process
    audio, sr = torchaudio.load(ref_audio)
                ~~~~~~~~~~~~~~~^^^^^^^^^^^
  File "C:\Users\peang\AppData\Local\Programs\Python\Python314\Lib\site-packages\torchaudio\__init__.py", line 86, in load
    return load_with_torchcodec(
        uri,
    ...<6 lines>...
        backend=backend,
    )
  File "C:\Users\peang\AppData\Local\Programs\Python\Python314\Lib\site-packages\torchaudio\_torchcodec.py", line 118, in load_with_torchcodec
    raise RuntimeError(f"Failed to create AudioDecoder for {uri}: {e}") from e
RuntimeError: Failed to create AudioDecoder for C:\Users\peang\AppData\Local\Temp\tmpwwnr5q7d.wav: Could not load libtorchcodec. Likely causes:
          1. FFmpeg is not properly installed in your environment. We support
             versions 4, 5, 6, 7, 8, and 9, and we attempt to load libtorchcodec
             for each of those versions. Errors for versions not installed on
             your system are expected; only the error for your installed FFmpeg
             version is relevant. On Windows, ensure you've installed the
             "full-shared" version which ships DLLs.
          2. The PyTorch version (2.14.0+cu130) is not compatible with
             this version of TorchCodec. Refer to the version compatibility
             table:
             https://github.com/pytorch/torchcodec?tab=readme-ov-file#installing-torchcodec.
          3. Another runtime dependency; see exceptions below.

        The following exceptions were raised as we tried to load libtorchcodec:
        
[start of libtorchcodec loading traceback]
FFmpeg version 9:
Traceback (most recent call last):
  File "C:\Users\peang\AppData\Local\Programs\Python\Python314\Lib\site-packages\torch\_ops.py", line 1587, in load_library
    ctypes.CDLL(path)
    ~~~~~~~~~~~^^^^^^
  File "C:\Users\peang\AppData\Local\Programs\Python\Python314\Lib\ctypes\__init__.py", line 462, in __init__
    self._handle = _dlopen(self._name, mode)
                   ~~~~~~~^^^^^^^^^^^^^^^^^^
FileNotFoundError: Could not find module 'C:\Users\peang\AppData\Local\Programs\Python\Python314\Lib\site-packages\torchcodec\libtorchcodec_core9.dll' (or one of its dependencies). Try using the full path with constructor syntax.

The above exception was the direct cause of the following exception:

Traceback (most recent call last):
  File "C:\Users\peang\AppData\Local\Programs\Python\Python314\Lib\site-packages\torchcodec\_internally_replaced_utils.py", line 132, in load_core_libraries
    torch.ops.load_library(core_library_path)
    ~~~~~~~~~~~~~~~~~~~~~~^^^^^^^^^^^^^^^^^^^
  File "C:\Users\peang\AppData\Local\Programs\Python\Python314\Lib\site-packages\torch\_ops.py", line 1589, in load_library
    raise OSError(f"Could not load this library: {path}") from e
OSError: Could not load this library: C:\Users\peang\AppData\Local\Programs\Python\Python314\Lib\site-packages\torchcodec\libtorchcodec_core9.dll

FFmpeg version 8:
Traceback (most recent call last):
  File "C:\Users\peang\AppData\Local\Programs\Python\Python314\Lib\site-packages\torch\_ops.py", line 1587, in load_library
    ctypes.CDLL(path)
    ~~~~~~~~~~~^^^^^^
  File "C:\Users\peang\AppData\Local\Programs\Python\Python314\Lib\ctypes\__init__.py", line 462, in __init__
    self._handle = _dlopen(self._name, mode)
                   ~~~~~~~^^^^^^^^^^^^^^^^^^
FileNotFoundError: Could not find module 'C:\Users\peang\AppData\Local\Programs\Python\Python314\Lib\site-packages\torchcodec\libtorchcodec_core8.dll' (or one of its dependencies). Try using the full path with constructor syntax.

The above exception was the direct cause of the following exception:

Traceback (most recent call last):
  File "C:\Users\peang\AppData\Local\Programs\Python\Python314\Lib\site-packages\torchcodec\_internally_replaced_utils.py", line 132, in load_core_libraries
    torch.ops.load_library(core_library_path)
    ~~~~~~~~~~~~~~~~~~~~~~^^^^^^^^^^^^^^^^^^^
  File "C:\Users\peang\AppData\Local\Programs\Python\Python314\Lib\site-packages\torch\_ops.py", line 1589, in load_library
    raise OSError(f"Could not load this library: {path}") from e
OSError: Could not load this library: C:\Users\peang\AppData\Local\Programs\Python\Python314\Lib\site-packages\torchcodec\libtorchcodec_core8.dll

FFmpeg version 7:
Traceback (most recent call last):
  File "C:\Users\peang\AppData\Local\Programs\Python\Python314\Lib\site-packages\torch\_ops.py", line 1587, in load_library
    ctypes.CDLL(path)
    ~~~~~~~~~~~^^^^^^
  File "C:\Users\peang\AppData\Local\Programs\Python\Python314\Lib\ctypes\__init__.py", line 462, in __init__
    self._handle = _dlopen(self._name, mode)
                   ~~~~~~~^^^^^^^^^^^^^^^^^^
FileNotFoundError: Could not find module 'C:\Users\peang\AppData\Local\Programs\Python\Python314\Lib\site-packages\torchcodec\libtorchcodec_core7.dll' (or one of its dependencies). Try using the full path with constructor syntax.

The above exception was the direct cause of the following exception:

Traceback (most recent call last):
  File "C:\Users\peang\AppData\Local\Programs\Python\Python314\Lib\site-packages\torchcodec\_internally_replaced_utils.py", line 132, in load_core_libraries
    torch.ops.load_library(core_library_path)
    ~~~~~~~~~~~~~~~~~~~~~~^^^^^^^^^^^^^^^^^^^
  File "C:\Users\peang\AppData\Local\Programs\Python\Python314\Lib\site-packages\torch\_ops.py", line 1589, in load_library
    raise OSError(f"Could not load this library: {path}") from e
OSError: Could not load this library: C:\Users\peang\AppData\Local\Programs\Python\Python314\Lib\site-packages\torchcodec\libtorchcodec_core7.dll

FFmpeg version 6:
Traceback (most recent call last):
  File "C:\Users\peang\AppData\Local\Programs\Python\Python314\Lib\site-packages\torch\_ops.py", line 1587, in load_library
    ctypes.CDLL(path)
    ~~~~~~~~~~~^^^^^^
  File "C:\Users\peang\AppData\Local\Programs\Python\Python314\Lib\ctypes\__init__.py", line 462, in __init__
    self._handle = _dlopen(self._name, mode)
                   ~~~~~~~^^^^^^^^^^^^^^^^^^
FileNotFoundError: Could not find module 'C:\Users\peang\AppData\Local\Programs\Python\Python314\Lib\site-packages\torchcodec\libtorchcodec_core6.dll' (or one of its dependencies). Try using the full path with constructor syntax.

The above exception was the direct cause of the following exception:

Traceback (most recent call last):
  File "C:\Users\peang\AppData\Local\Programs\Python\Python314\Lib\site-packages\torchcodec\_internally_replaced_utils.py", line 132, in load_core_libraries
    torch.ops.load_library(core_library_path)
    ~~~~~~~~~~~~~~~~~~~~~~^^^^^^^^^^^^^^^^^^^
  File "C:\Users\peang\AppData\Local\Programs\Python\Python314\Lib\site-packages\torch\_ops.py", line 1589, in load_library
    raise OSError(f"Could not load this library: {path}") from e
OSError: Could not load this library: C:\Users\peang\AppData\Local\Programs\Python\Python314\Lib\site-packages\torchcodec\libtorchcodec_core6.dll

FFmpeg version 5:
Traceback (most recent call last):
  File "C:\Users\peang\AppData\Local\Programs\Python\Python314\Lib\site-packages\torch\_ops.py", line 1587, in load_library
    ctypes.CDLL(path)
    ~~~~~~~~~~~^^^^^^
  File "C:\Users\peang\AppData\Local\Programs\Python\Python314\Lib\ctypes\__init__.py", line 462, in __init__
    self._handle = _dlopen(self._name, mode)
                   ~~~~~~~^^^^^^^^^^^^^^^^^^
FileNotFoundError: Could not find module 'C:\Users\peang\AppData\Local\Programs\Python\Python314\Lib\site-packages\torchcodec\libtorchcodec_core5.dll' (or one of its dependencies). Try using the full path with constructor syntax.

The above exception was the direct cause of the following exception:

Traceback (most recent call last):
  File "C:\Users\peang\AppData\Local\Programs\Python\Python314\Lib\site-packages\torchcodec\_internally_replaced_utils.py", line 132, in load_core_libraries
    torch.ops.load_library(core_library_path)
    ~~~~~~~~~~~~~~~~~~~~~~^^^^^^^^^^^^^^^^^^^
  File "C:\Users\peang\AppData\Local\Programs\Python\Python314\Lib\site-packages\torch\_ops.py", line 1589, in load_library
    raise OSError(f"Could not load this library: {path}") from e
OSError: Could not load this library: C:\Users\peang\AppData\Local\Programs\Python\Python314\Lib\site-packages\torchcodec\libtorchcodec_core5.dll

FFmpeg version 4:
Traceback (most recent call last):
  File "C:\Users\peang\AppData\Local\Programs\Python\Python314\Lib\site-packages\torch\_ops.py", line 1587, in load_library
    ctypes.CDLL(path)
    ~~~~~~~~~~~^^^^^^
  File "C:\Users\peang\AppData\Local\Programs\Python\Python314\Lib\ctypes\__init__.py", line 462, in __init__
    self._handle = _dlopen(self._name, mode)
                   ~~~~~~~^^^^^^^^^^^^^^^^^^
FileNotFoundError: Could not find module 'C:\Users\peang\AppData\Local\Programs\Python\Python314\Lib\site-packages\torchcodec\libtorchcodec_core4.dll' (or one of its dependencies). Try using the full path with constructor syntax.

The above exception was the direct cause of the following exception:

Traceback (most recent call last):
  File "C:\Users\peang\AppData\Local\Programs\Python\Python314\Lib\site-packages\torchcodec\_internally_replaced_utils.py", line 132, in load_core_libraries
    torch.ops.load_library(core_library_path)
    ~~~~~~~~~~~~~~~~~~~~~~^^^^^^^^^^^^^^^^^^^
  File "C:\Users\peang\AppData\Local\Programs\Python\Python314\Lib\site-packages\torch\_ops.py", line 1589, in load_library
    raise OSError(f"Could not load this library: {path}") from e
OSError: Could not load this library: C:\Users\peang\AppData\Local\Programs\Python\Python314\Lib\site-packages\torchcodec\libtorchcodec_core4.dll
[end of libtorchcodec loading traceback].

The above exception was the direct cause of the following exception:

Traceback (most recent call last):
  File "C:\Users\peang\Downloads\The-GREAT-SAGE-OPTIMIZED-v4\fullopt\great_sage\server.py", line 860, in _handle_chat
    voice.speak(cap_for_speech(speakable("".join(reply_chunks))))
    ~~~~~~~~~~~^^^^^^^^^^^^^^^^^^^^^^^^^^^^^^^^^^^^^^^^^^^^^^^^^^
  File "C:\Users\peang\Downloads\The-GREAT-SAGE-OPTIMIZED-v4\fullopt\great_sage\voice\f5_tts_engine.py", line 582, in speak
    self._speak_tts_segment(payload)
    ~~~~~~~~~~~~~~~~~~~~~~~^^^^^^^^^
  File "C:\Users\peang\Downloads\The-GREAT-SAGE-OPTIMIZED-v4\fullopt\great_sage\voice\f5_tts_engine.py", line 486, in _speak_tts_segment
    samples, rate = self.generate(spoken)
                    ~~~~~~~~~~~~~^^^^^^^^
  File "C:\Users\peang\Downloads\The-GREAT-SAGE-OPTIMIZED-v4\fullopt\great_sage\voice\f5_tts_engine.py", line 415, in generate
    wav, rate = self._generate_once(pieces[0])
                ~~~~~~~~~~~~~~~~~~~^^^^^^^^^^^
  File "C:\Users\peang\Downloads\The-GREAT-SAGE-OPTIMIZED-v4\fullopt\great_sage\voice\f5_tts_engine.py", line 394, in _generate_once
    raise VoiceError(f"F5-TTS synthesis failed: {exc}") from exc
great_sage.voice.base.VoiceError: F5-TTS synthesis failed: Failed to create AudioDecoder for C:\Users\peang\AppData\Local\Temp\tmpwwnr5q7d.wav: Could not load libtorchcodec. Likely causes:
          1. FFmpeg is not properly installed in your environment. We support
             versions 4, 5, 6, 7, 8, and 9, and we attempt to load libtorchcodec
             for each of those versions. Errors for versions not installed on
             your system are expected; only the error for your installed FFmpeg
             version is relevant. On Windows, ensure you've installed the
             "full-shared" version which ships DLLs.
          2. The PyTorch version (2.14.0+cu130) is not compatible with
             this version of TorchCodec. Refer to the version compatibility
             table:
             https://github.com/pytorch/torchcodec?tab=readme-ov-file#installing-torchcodec.
          3. Another runtime dependency; see exceptions below.

        The following exceptions were raised as we tried to load libtorchcodec:
        
[start of libtorchcodec loading traceback]
FFmpeg version 9:
Traceback (most recent call last):
  File "C:\Users\peang\AppData\Local\Programs\Python\Python314\Lib\site-packages\torch\_ops.py", line 1587, in load_library
    ctypes.CDLL(path)
    ~~~~~~~~~~~^^^^^^
  File "C:\Users\peang\AppData\Local\Programs\Python\Python314\Lib\ctypes\__init__.py", line 462, in __init__
    self._handle = _dlopen(self._name, mode)
                   ~~~~~~~^^^^^^^^^^^^^^^^^^
FileNotFoundError: Could not find module 'C:\Users\peang\AppData\Local\Programs\Python\Python314\Lib\site-packages\torchcodec\libtorchcodec_core9.dll' (or one of its dependencies). Try using the full path with constructor syntax.

The above exception was the direct cause of the following exception:

Traceback (most recent call last):
  File "C:\Users\peang\AppData\Local\Programs\Python\Python314\Lib\site-packages\torchcodec\_internally_replaced_utils.py", line 132, in load_core_libraries
    torch.ops.load_library(core_library_path)
    ~~~~~~~~~~~~~~~~~~~~~~^^^^^^^^^^^^^^^^^^^
  File "C:\Users\peang\AppData\Local\Programs\Python\Python314\Lib\site-packages\torch\_ops.py", line 1589, in load_library
    raise OSError(f"Could not load this library: {path}") from e
OSError: Could not load this library: C:\Users\peang\AppData\Local\Programs\Python\Python314\Lib\site-packages\torchcodec\libtorchcodec_core9.dll

FFmpeg version 8:
Traceback (most recent call last):
  File "C:\Users\peang\AppData\Local\Programs\Python\Python314\Lib\site-packages\torch\_ops.py", line 1587, in load_library
    ctypes.CDLL(path)
    ~~~~~~~~~~~^^^^^^
  File "C:\Users\peang\AppData\Local\Programs\Python\Python314\Lib\ctypes\__init__.py", line 462, in __init__
    self._handle = _dlopen(self._name, mode)
                   ~~~~~~~^^^^^^^^^^^^^^^^^^
FileNotFoundError: Could not find module 'C:\Users\peang\AppData\Local\Programs\Python\Python314\Lib\site-packages\torchcodec\libtorchcodec_core8.dll' (or one of its dependencies). Try using the full path with constructor syntax.

The above exception was the direct cause of the following exception:

Traceback (most recent call last):
  File "C:\Users\peang\AppData\Local\Programs\Python\Python314\Lib\site-packages\torchcodec\_internally_replaced_utils.py", line 132, in load_core_libraries
    torch.ops.load_library(core_library_path)
    ~~~~~~~~~~~~~~~~~~~~~~^^^^^^^^^^^^^^^^^^^
  File "C:\Users\peang\AppData\Local\Programs\Python\Python314\Lib\site-packages\torch\_ops.py", line 1589, in load_library
    raise OSError(f"Could not load this library: {path}") from e
OSError: Could not load this library: C:\Users\peang\AppData\Local\Programs\Python\Python314\Lib\site-packages\torchcodec\libtorchcodec_core8.dll

FFmpeg version 7:
Traceback (most recent call last):
  File "C:\Users\peang\AppData\Local\Programs\Python\Python314\Lib\site-packages\torch\_ops.py", line 1587, in load_library
    ctypes.CDLL(path)
    ~~~~~~~~~~~^^^^^^
  File "C:\Users\peang\AppData\Local\Programs\Python\Python314\Lib\ctypes\__init__.py", line 462, in __init__
    self._handle = _dlopen(self._name, mode)
                   ~~~~~~~^^^^^^^^^^^^^^^^^^
FileNotFoundError: Could not find module 'C:\Users\peang\AppData\Local\Programs\Python\Python314\Lib\site-packages\torchcodec\libtorchcodec_core7.dll' (or one of its dependencies). Try using the full path with constructor syntax.

The above exception was the direct cause of the following exception:

Traceback (most recent call last):
  File "C:\Users\peang\AppData\Local\Programs\Python\Python314\Lib\site-packages\torchcodec\_internally_replaced_utils.py", line 132, in load_core_libraries
    torch.ops.load_library(core_library_path)
    ~~~~~~~~~~~~~~~~~~~~~~^^^^^^^^^^^^^^^^^^^
  File "C:\Users\peang\AppData\Local\Programs\Python\Python314\Lib\site-packages\torch\_ops.py", line 1589, in load_library
    raise OSError(f"Could not load this library: {path}") from e
OSError: Could not load this library: C:\Users\peang\AppData\Local\Programs\Python\Python314\Lib\site-packages\torchcodec\libtorchcodec_core7.dll

FFmpeg version 6:
Traceback (most recent call last):
  File "C:\Users\peang\AppData\Local\Programs\Python\Python314\Lib\site-packages\torch\_ops.py", line 1587, in load_library
    ctypes.CDLL(path)
    ~~~~~~~~~~~^^^^^^
  File "C:\Users\peang\AppData\Local\Programs\Python\Python314\Lib\ctypes\__init__.py", line 462, in __init__
    self._handle = _dlopen(self._name, mode)
                   ~~~~~~~^^^^^^^^^^^^^^^^^^
FileNotFoundError: Could not find module 'C:\Users\peang\AppData\Local\Programs\Python\Python314\Lib\site-packages\torchcodec\libtorchcodec_core6.dll' (or one of its dependencies). Try using the full path with constructor syntax.

The above exception was the direct cause of the following exception:

Traceback (most recent call last):
  File "C:\Users\peang\AppData\Local\Programs\Python\Python314\Lib\site-packages\torchcodec\_internally_replaced_utils.py", line 132, in load_core_libraries
    torch.ops.load_library(core_library_path)
    ~~~~~~~~~~~~~~~~~~~~~~^^^^^^^^^^^^^^^^^^^
  File "C:\Users\peang\AppData\Local\Programs\Python\Python314\Lib\site-packages\torch\_ops.py", line 1589, in load_library
    raise OSError(f"Could not load this library: {path}") from e
OSError: Could not load this library: C:\Users\peang\AppData\Local\Programs\Python\Python314\Lib\site-packages\torchcodec\libtorchcodec_core6.dll

FFmpeg version 5:
Traceback (most recent call last):
  File "C:\Users\peang\AppData\Local\Programs\Python\Python314\Lib\site-packages\torch\_ops.py", line 1587, in load_library
    ctypes.CDLL(path)
    ~~~~~~~~~~~^^^^^^
  File "C:\Users\peang\AppData\Local\Programs\Python\Python314\Lib\ctypes\__init__.py", line 462, in __init__
    self._handle = _dlopen(self._name, mode)
                   ~~~~~~~^^^^^^^^^^^^^^^^^^
FileNotFoundError: Could not find module 'C:\Users\peang\AppData\Local\Programs\Python\Python314\Lib\site-packages\torchcodec\libtorchcodec_core5.dll' (or one of its dependencies). Try using the full path with constructor syntax.

The above exception was the direct cause of the following exception:

Traceback (most recent call last):
  File "C:\Users\peang\AppData\Local\Programs\Python\Python314\Lib\site-packages\torchcodec\_internally_replaced_utils.py", line 132, in load_core_libraries
    torch.ops.load_library(core_library_path)
    ~~~~~~~~~~~~~~~~~~~~~~^^^^^^^^^^^^^^^^^^^
  File "C:\Users\peang\AppData\Local\Programs\Python\Python314\Lib\site-packages\torch\_ops.py", line 1589, in load_library
    raise OSError(f"Could not load this library: {path}") from e
OSError: Could not load this library: C:\Users\peang\AppData\Local\Programs\Python\Python314\Lib\site-packages\torchcodec\libtorchcodec_core5.dll

FFmpeg version 4:
Traceback (most recent call last):
  File "C:\Users\peang\AppData\Local\Programs\Python\Python314\Lib\site-packages\torch\_ops.py", line 1587, in load_library
    ctypes.CDLL(path)
    ~~~~~~~~~~~^^^^^^
  File "C:\Users\peang\AppData\Local\Programs\Python\Python314\Lib\ctypes\__init__.py", line 462, in __init__
    self._handle = _dlopen(self._name, mode)
                   ~~~~~~~^^^^^^^^^^^^^^^^^^
FileNotFoundError: Could not find module 'C:\Users\peang\AppData\Local\Programs\Python\Python314\Lib\site-packages\torchcodec\libtorchcodec_core4.dll' (or one of its dependencies). Try using the full path with constructor syntax.

The above exception was the direct cause of the following exception:

Traceback (most recent call last):
  File "C:\Users\peang\AppData\Local\Programs\Python\Python314\Lib\site-packages\torchcodec\_internally_replaced_utils.py", line 132, in load_core_libraries
    torch.ops.load_library(core_library_path)
    ~~~~~~~~~~~~~~~~~~~~~~^^^^^^^^^^^^^^^^^^^
  File "C:\Users\peang\AppData\Local\Programs\Python\Python314\Lib\site-packages\torch\_ops.py", line 1589, in load_library
    raise OSError(f"Could not load this library: {path}") from e
OSError: Could not load this library: C:\Users\peang\AppData\Local\Programs\Python\Python314\Lib\site-packages\torchcodec\libtorchcodec_core4.dll
[end of libtorchcodec loading traceback].
2026-09-26 12:35:41,376 [INFO] great_sage.core.metrics: timing So do you come off you go | first_token=25.66s  text_done=25.92s  total=42.75s
2026-09-26 12:36:02,222 [INFO] great_sage.server: Voice key down: listening (mode COMPANION)
2026-09-26 12:36:03,639 [INFO] great_sage.server: Voice key up: transcribing
2026-09-26 12:36:03,674 [INFO] great_sage.voice.speech_to_text: Loading Whisper profile: {'model': 'base', 'device': 'cpu', 'compute_type': 'int8'}
2026-09-26 12:36:03,850 [INFO] httpx: HTTP Request: GET https://huggingface.co/api/models/Systran/faster-whisper-base/revision/main "HTTP/1.1 200 OK"
2026-09-26 12:36:04,272 [INFO] faster_whisper: Processing audio with duration 00:01.378
2026-09-26 12:36:04,275 [INFO] faster_whisper: VAD filter removed 00:00.368 of audio
2026-09-26 12:36:04,647 [INFO] great_sage.voice.speech_to_text: Transcribed 1.4s (fr): "C'est un lit."
2026-09-26 12:36:08,761 [ERROR] great_sage.server: Voice/audio error speaking reply to "C'est un lit."
Traceback (most recent call last):
  File "C:\Users\peang\AppData\Local\Programs\Python\Python314\Lib\site-packages\torchaudio\_torchcodec.py", line 116, in load_with_torchcodec
    decoder = AudioDecoder(uri)
  File "C:\Users\peang\AppData\Local\Programs\Python\Python314\Lib\site-packages\torchcodec\decoders\_audio_decoder.py", line 73, in __init__
    ) = create_audio_decoder(
        ~~~~~~~~~~~~~~~~~~~~^
        source=source,
        ^^^^^^^^^^^^^^
    ...<3 lines>...
        num_channels=num_channels,
        ^^^^^^^^^^^^^^^^^^^^^^^^^^
    )
    ^
  File "C:\Users\peang\AppData\Local\Programs\Python\Python314\Lib\site-packages\torchcodec\_core\_decoder_utils.py", line 81, in create_audio_decoder
    decoder = create_decoder(source=source, seek_mode=seek_mode)
  File "C:\Users\peang\AppData\Local\Programs\Python\Python314\Lib\site-packages\torchcodec\_core\_decoder_utils.py", line 46, in create_decoder
    load_core_libraries()
    ~~~~~~~~~~~~~~~~~~~^^
  File "C:\Users\peang\AppData\Local\Programs\Python\Python314\Lib\site-packages\torchcodec\_internally_replaced_utils.py", line 145, in load_core_libraries
    raise RuntimeError(
    ...<16 lines>...
    )
RuntimeError: Could not load libtorchcodec. Likely causes:
          1. FFmpeg is not properly installed in your environment. We support
             versions 4, 5, 6, 7, 8, and 9, and we attempt to load libtorchcodec
             for each of those versions. Errors for versions not installed on
             your system are expected; only the error for your installed FFmpeg
             version is relevant. On Windows, ensure you've installed the
             "full-shared" version which ships DLLs.
          2. The PyTorch version (2.14.0+cu130) is not compatible with
             this version of TorchCodec. Refer to the version compatibility
             table:
             https://github.com/pytorch/torchcodec?tab=readme-ov-file#installing-torchcodec.
          3. Another runtime dependency; see exceptions below.

        The following exceptions were raised as we tried to load libtorchcodec:
        
[start of libtorchcodec loading traceback]
FFmpeg version 9:
Traceback (most recent call last):
  File "C:\Users\peang\AppData\Local\Programs\Python\Python314\Lib\site-packages\torch\_ops.py", line 1587, in load_library
    ctypes.CDLL(path)
    ~~~~~~~~~~~^^^^^^
  File "C:\Users\peang\AppData\Local\Programs\Python\Python314\Lib\ctypes\__init__.py", line 462, in __init__
    self._handle = _dlopen(self._name, mode)
                   ~~~~~~~^^^^^^^^^^^^^^^^^^
FileNotFoundError: Could not find module 'C:\Users\peang\AppData\Local\Programs\Python\Python314\Lib\site-packages\torchcodec\libtorchcodec_core9.dll' (or one of its dependencies). Try using the full path with constructor syntax.

The above exception was the direct cause of the following exception:

Traceback (most recent call last):
  File "C:\Users\peang\AppData\Local\Programs\Python\Python314\Lib\site-packages\torchcodec\_internally_replaced_utils.py", line 132, in load_core_libraries
    torch.ops.load_library(core_library_path)
    ~~~~~~~~~~~~~~~~~~~~~~^^^^^^^^^^^^^^^^^^^
  File "C:\Users\peang\AppData\Local\Programs\Python\Python314\Lib\site-packages\torch\_ops.py", line 1589, in load_library
    raise OSError(f"Could not load this library: {path}") from e
OSError: Could not load this library: C:\Users\peang\AppData\Local\Programs\Python\Python314\Lib\site-packages\torchcodec\libtorchcodec_core9.dll

FFmpeg version 8:
Traceback (most recent call last):
  File "C:\Users\peang\AppData\Local\Programs\Python\Python314\Lib\site-packages\torch\_ops.py", line 1587, in load_library
    ctypes.CDLL(path)
    ~~~~~~~~~~~^^^^^^
  File "C:\Users\peang\AppData\Local\Programs\Python\Python314\Lib\ctypes\__init__.py", line 462, in __init__
    self._handle = _dlopen(self._name, mode)
                   ~~~~~~~^^^^^^^^^^^^^^^^^^
FileNotFoundError: Could not find module 'C:\Users\peang\AppData\Local\Programs\Python\Python314\Lib\site-packages\torchcodec\libtorchcodec_core8.dll' (or one of its dependencies). Try using the full path with constructor syntax.

The above exception was the direct cause of the following exception:

Traceback (most recent call last):
  File "C:\Users\peang\AppData\Local\Programs\Python\Python314\Lib\site-packages\torchcodec\_internally_replaced_utils.py", line 132, in load_core_libraries
    torch.ops.load_library(core_library_path)
    ~~~~~~~~~~~~~~~~~~~~~~^^^^^^^^^^^^^^^^^^^
  File "C:\Users\peang\AppData\Local\Programs\Python\Python314\Lib\site-packages\torch\_ops.py", line 1589, in load_library
    raise OSError(f"Could not load this library: {path}") from e
OSError: Could not load this library: C:\Users\peang\AppData\Local\Programs\Python\Python314\Lib\site-packages\torchcodec\libtorchcodec_core8.dll

FFmpeg version 7:
Traceback (most recent call last):
  File "C:\Users\peang\AppData\Local\Programs\Python\Python314\Lib\site-packages\torch\_ops.py", line 1587, in load_library
    ctypes.CDLL(path)
    ~~~~~~~~~~~^^^^^^
  File "C:\Users\peang\AppData\Local\Programs\Python\Python314\Lib\ctypes\__init__.py", line 462, in __init__
    self._handle = _dlopen(self._name, mode)
                   ~~~~~~~^^^^^^^^^^^^^^^^^^
FileNotFoundError: Could not find module 'C:\Users\peang\AppData\Local\Programs\Python\Python314\Lib\site-packages\torchcodec\libtorchcodec_core7.dll' (or one of its dependencies). Try using the full path with constructor syntax.

The above exception was the direct cause of the following exception:

Traceback (most recent call last):
  File "C:\Users\peang\AppData\Local\Programs\Python\Python314\Lib\site-packages\torchcodec\_internally_replaced_utils.py", line 132, in load_core_libraries
    torch.ops.load_library(core_library_path)
    ~~~~~~~~~~~~~~~~~~~~~~^^^^^^^^^^^^^^^^^^^
  File "C:\Users\peang\AppData\Local\Programs\Python\Python314\Lib\site-packages\torch\_ops.py", line 1589, in load_library
    raise OSError(f"Could not load this library: {path}") from e
OSError: Could not load this library: C:\Users\peang\AppData\Local\Programs\Python\Python314\Lib\site-packages\torchcodec\libtorchcodec_core7.dll

FFmpeg version 6:
Traceback (most recent call last):
  File "C:\Users\peang\AppData\Local\Programs\Python\Python314\Lib\site-packages\torch\_ops.py", line 1587, in load_library
    ctypes.CDLL(path)
    ~~~~~~~~~~~^^^^^^
  File "C:\Users\peang\AppData\Local\Programs\Python\Python314\Lib\ctypes\__init__.py", line 462, in __init__
    self._handle = _dlopen(self._name, mode)
                   ~~~~~~~^^^^^^^^^^^^^^^^^^
FileNotFoundError: Could not find module 'C:\Users\peang\AppData\Local\Programs\Python\Python314\Lib\site-packages\torchcodec\libtorchcodec_core6.dll' (or one of its dependencies). Try using the full path with constructor syntax.

The above exception was the direct cause of the following exception:

Traceback (most recent call last):
  File "C:\Users\peang\AppData\Local\Programs\Python\Python314\Lib\site-packages\torchcodec\_internally_replaced_utils.py", line 132, in load_core_libraries
    torch.ops.load_library(core_library_path)
    ~~~~~~~~~~~~~~~~~~~~~~^^^^^^^^^^^^^^^^^^^
  File "C:\Users\peang\AppData\Local\Programs\Python\Python314\Lib\site-packages\torch\_ops.py", line 1589, in load_library
    raise OSError(f"Could not load this library: {path}") from e
OSError: Could not load this library: C:\Users\peang\AppData\Local\Programs\Python\Python314\Lib\site-packages\torchcodec\libtorchcodec_core6.dll

FFmpeg version 5:
Traceback (most recent call last):
  File "C:\Users\peang\AppData\Local\Programs\Python\Python314\Lib\site-packages\torch\_ops.py", line 1587, in load_library
    ctypes.CDLL(path)
    ~~~~~~~~~~~^^^^^^
  File "C:\Users\peang\AppData\Local\Programs\Python\Python314\Lib\ctypes\__init__.py", line 462, in __init__
    self._handle = _dlopen(self._name, mode)
                   ~~~~~~~^^^^^^^^^^^^^^^^^^
FileNotFoundError: Could not find module 'C:\Users\peang\AppData\Local\Programs\Python\Python314\Lib\site-packages\torchcodec\libtorchcodec_core5.dll' (or one of its dependencies). Try using the full path with constructor syntax.

The above exception was the direct cause of the following exception:

Traceback (most recent call last):
  File "C:\Users\peang\AppData\Local\Programs\Python\Python314\Lib\site-packages\torchcodec\_internally_replaced_utils.py", line 132, in load_core_libraries
    torch.ops.load_library(core_library_path)
    ~~~~~~~~~~~~~~~~~~~~~~^^^^^^^^^^^^^^^^^^^
  File "C:\Users\peang\AppData\Local\Programs\Python\Python314\Lib\site-packages\torch\_ops.py", line 1589, in load_library
    raise OSError(f"Could not load this library: {path}") from e
OSError: Could not load this library: C:\Users\peang\AppData\Local\Programs\Python\Python314\Lib\site-packages\torchcodec\libtorchcodec_core5.dll

FFmpeg version 4:
Traceback (most recent call last):
  File "C:\Users\peang\AppData\Local\Programs\Python\Python314\Lib\site-packages\torch\_ops.py", line 1587, in load_library
    ctypes.CDLL(path)
    ~~~~~~~~~~~^^^^^^
  File "C:\Users\peang\AppData\Local\Programs\Python\Python314\Lib\ctypes\__init__.py", line 462, in __init__
    self._handle = _dlopen(self._name, mode)
                   ~~~~~~~^^^^^^^^^^^^^^^^^^
FileNotFoundError: Could not find module 'C:\Users\peang\AppData\Local\Programs\Python\Python314\Lib\site-packages\torchcodec\libtorchcodec_core4.dll' (or one of its dependencies). Try using the full path with constructor syntax.

The above exception was the direct cause of the following exception:

Traceback (most recent call last):
  File "C:\Users\peang\AppData\Local\Programs\Python\Python314\Lib\site-packages\torchcodec\_internally_replaced_utils.py", line 132, in load_core_libraries
    torch.ops.load_library(core_library_path)
    ~~~~~~~~~~~~~~~~~~~~~~^^^^^^^^^^^^^^^^^^^
  File "C:\Users\peang\AppData\Local\Programs\Python\Python314\Lib\site-packages\torch\_ops.py", line 1589, in load_library
    raise OSError(f"Could not load this library: {path}") from e
OSError: Could not load this library: C:\Users\peang\AppData\Local\Programs\Python\Python314\Lib\site-packages\torchcodec\libtorchcodec_core4.dll
[end of libtorchcodec loading traceback].

The above exception was the direct cause of the following exception:

Traceback (most recent call last):
  File "C:\Users\peang\Downloads\The-GREAT-SAGE-OPTIMIZED-v4\fullopt\great_sage\voice\f5_tts_engine.py", line 385, in _generate_once
    wav, sample_rate, _ = self._infer_process(
                          ~~~~~~~~~~~~~~~~~~~^
        ref_audio, ref_text, text,
        ^^^^^^^^^^^^^^^^^^^^^^^^^^
    ...<4 lines>...
        device=self._api.device,
        ^^^^^^^^^^^^^^^^^^^^^^^^
    )
    ^
  File "C:\Users\peang\AppData\Local\Programs\Python\Python314\Lib\site-packages\f5_tts\infer\utils_infer.py", line 403, in infer_process
    audio, sr = torchaudio.load(ref_audio)
                ~~~~~~~~~~~~~~~^^^^^^^^^^^
  File "C:\Users\peang\AppData\Local\Programs\Python\Python314\Lib\site-packages\torchaudio\__init__.py", line 86, in load
    return load_with_torchcodec(
        uri,
    ...<6 lines>...
        backend=backend,
    )
  File "C:\Users\peang\AppData\Local\Programs\Python\Python314\Lib\site-packages\torchaudio\_torchcodec.py", line 118, in load_with_torchcodec
    raise RuntimeError(f"Failed to create AudioDecoder for {uri}: {e}") from e
RuntimeError: Failed to create AudioDecoder for C:\Users\peang\AppData\Local\Temp\tmpwwnr5q7d.wav: Could not load libtorchcodec. Likely causes:
          1. FFmpeg is not properly installed in your environment. We support
             versions 4, 5, 6, 7, 8, and 9, and we attempt to load libtorchcodec
             for each of those versions. Errors for versions not installed on
             your system are expected; only the error for your installed FFmpeg
             version is relevant. On Windows, ensure you've installed the
             "full-shared" version which ships DLLs.
          2. The PyTorch version (2.14.0+cu130) is not compatible with
             this version of TorchCodec. Refer to the version compatibility
             table:
             https://github.com/pytorch/torchcodec?tab=readme-ov-file#installing-torchcodec.
          3. Another runtime dependency; see exceptions below.

        The following exceptions were raised as we tried to load libtorchcodec:
        
[start of libtorchcodec loading traceback]
FFmpeg version 9:
Traceback (most recent call last):
  File "C:\Users\peang\AppData\Local\Programs\Python\Python314\Lib\site-packages\torch\_ops.py", line 1587, in load_library
    ctypes.CDLL(path)
    ~~~~~~~~~~~^^^^^^
  File "C:\Users\peang\AppData\Local\Programs\Python\Python314\Lib\ctypes\__init__.py", line 462, in __init__
    self._handle = _dlopen(self._name, mode)
                   ~~~~~~~^^^^^^^^^^^^^^^^^^
FileNotFoundError: Could not find module 'C:\Users\peang\AppData\Local\Programs\Python\Python314\Lib\site-packages\torchcodec\libtorchcodec_core9.dll' (or one of its dependencies). Try using the full path with constructor syntax.

The above exception was the direct cause of the following exception:

Traceback (most recent call last):
  File "C:\Users\peang\AppData\Local\Programs\Python\Python314\Lib\site-packages\torchcodec\_internally_replaced_utils.py", line 132, in load_core_libraries
    torch.ops.load_library(core_library_path)
    ~~~~~~~~~~~~~~~~~~~~~~^^^^^^^^^^^^^^^^^^^
  File "C:\Users\peang\AppData\Local\Programs\Python\Python314\Lib\site-packages\torch\_ops.py", line 1589, in load_library
    raise OSError(f"Could not load this library: {path}") from e
OSError: Could not load this library: C:\Users\peang\AppData\Local\Programs\Python\Python314\Lib\site-packages\torchcodec\libtorchcodec_core9.dll

FFmpeg version 8:
Traceback (most recent call last):
  File "C:\Users\peang\AppData\Local\Programs\Python\Python314\Lib\site-packages\torch\_ops.py", line 1587, in load_library
    ctypes.CDLL(path)
    ~~~~~~~~~~~^^^^^^
  File "C:\Users\peang\AppData\Local\Programs\Python\Python314\Lib\ctypes\__init__.py", line 462, in __init__
    self._handle = _dlopen(self._name, mode)
                   ~~~~~~~^^^^^^^^^^^^^^^^^^
FileNotFoundError: Could not find module 'C:\Users\peang\AppData\Local\Programs\Python\Python314\Lib\site-packages\torchcodec\libtorchcodec_core8.dll' (or one of its dependencies). Try using the full path with constructor syntax.

The above exception was the direct cause of the following exception:

Traceback (most recent call last):
  File "C:\Users\peang\AppData\Local\Programs\Python\Python314\Lib\site-packages\torchcodec\_internally_replaced_utils.py", line 132, in load_core_libraries
    torch.ops.load_library(core_library_path)
    ~~~~~~~~~~~~~~~~~~~~~~^^^^^^^^^^^^^^^^^^^
  File "C:\Users\peang\AppData\Local\Programs\Python\Python314\Lib\site-packages\torch\_ops.py", line 1589, in load_library
    raise OSError(f"Could not load this library: {path}") from e
OSError: Could not load this library: C:\Users\peang\AppData\Local\Programs\Python\Python314\Lib\site-packages\torchcodec\libtorchcodec_core8.dll

FFmpeg version 7:
Traceback (most recent call last):
  File "C:\Users\peang\AppData\Local\Programs\Python\Python314\Lib\site-packages\torch\_ops.py", line 1587, in load_library
    ctypes.CDLL(path)
    ~~~~~~~~~~~^^^^^^
  File "C:\Users\peang\AppData\Local\Programs\Python\Python314\Lib\ctypes\__init__.py", line 462, in __init__
    self._handle = _dlopen(self._name, mode)
                   ~~~~~~~^^^^^^^^^^^^^^^^^^
FileNotFoundError: Could not find module 'C:\Users\peang\AppData\Local\Programs\Python\Python314\Lib\site-packages\torchcodec\libtorchcodec_core7.dll' (or one of its dependencies). Try using the full path with constructor syntax.

The above exception was the direct cause of the following exception:

Traceback (most recent call last):
  File "C:\Users\peang\AppData\Local\Programs\Python\Python314\Lib\site-packages\torchcodec\_internally_replaced_utils.py", line 132, in load_core_libraries
    torch.ops.load_library(core_library_path)
    ~~~~~~~~~~~~~~~~~~~~~~^^^^^^^^^^^^^^^^^^^
  File "C:\Users\peang\AppData\Local\Programs\Python\Python314\Lib\site-packages\torch\_ops.py", line 1589, in load_library
    raise OSError(f"Could not load this library: {path}") from e
OSError: Could not load this library: C:\Users\peang\AppData\Local\Programs\Python\Python314\Lib\site-packages\torchcodec\libtorchcodec_core7.dll

FFmpeg version 6:
Traceback (most recent call last):
  File "C:\Users\peang\AppData\Local\Programs\Python\Python314\Lib\site-packages\torch\_ops.py", line 1587, in load_library
    ctypes.CDLL(path)
    ~~~~~~~~~~~^^^^^^
  File "C:\Users\peang\AppData\Local\Programs\Python\Python314\Lib\ctypes\__init__.py", line 462, in __init__
    self._handle = _dlopen(self._name, mode)
                   ~~~~~~~^^^^^^^^^^^^^^^^^^
FileNotFoundError: Could not find module 'C:\Users\peang\AppData\Local\Programs\Python\Python314\Lib\site-packages\torchcodec\libtorchcodec_core6.dll' (or one of its dependencies). Try using the full path with constructor syntax.

The above exception was the direct cause of the following exception:

Traceback (most recent call last):
  File "C:\Users\peang\AppData\Local\Programs\Python\Python314\Lib\site-packages\torchcodec\_internally_replaced_utils.py", line 132, in load_core_libraries
    torch.ops.load_library(core_library_path)
    ~~~~~~~~~~~~~~~~~~~~~~^^^^^^^^^^^^^^^^^^^
  File "C:\Users\peang\AppData\Local\Programs\Python\Python314\Lib\site-packages\torch\_ops.py", line 1589, in load_library
    raise OSError(f"Could not load this library: {path}") from e
OSError: Could not load this library: C:\Users\peang\AppData\Local\Programs\Python\Python314\Lib\site-packages\torchcodec\libtorchcodec_core6.dll

FFmpeg version 5:
Traceback (most recent call last):
  File "C:\Users\peang\AppData\Local\Programs\Python\Python314\Lib\site-packages\torch\_ops.py", line 1587, in load_library
    ctypes.CDLL(path)
    ~~~~~~~~~~~^^^^^^
  File "C:\Users\peang\AppData\Local\Programs\Python\Python314\Lib\ctypes\__init__.py", line 462, in __init__
    self._handle = _dlopen(self._name, mode)
                   ~~~~~~~^^^^^^^^^^^^^^^^^^
FileNotFoundError: Could not find module 'C:\Users\peang\AppData\Local\Programs\Python\Python314\Lib\site-packages\torchcodec\libtorchcodec_core5.dll' (or one of its dependencies). Try using the full path with constructor syntax.

The above exception was the direct cause of the following exception:

Traceback (most recent call last):
  File "C:\Users\peang\AppData\Local\Programs\Python\Python314\Lib\site-packages\torchcodec\_internally_replaced_utils.py", line 132, in load_core_libraries
    torch.ops.load_library(core_library_path)
    ~~~~~~~~~~~~~~~~~~~~~~^^^^^^^^^^^^^^^^^^^
  File "C:\Users\peang\AppData\Local\Programs\Python\Python314\Lib\site-packages\torch\_ops.py", line 1589, in load_library
    raise OSError(f"Could not load this library: {path}") from e
OSError: Could not load this library: C:\Users\peang\AppData\Local\Programs\Python\Python314\Lib\site-packages\torchcodec\libtorchcodec_core5.dll

FFmpeg version 4:
Traceback (most recent call last):
  File "C:\Users\peang\AppData\Local\Programs\Python\Python314\Lib\site-packages\torch\_ops.py", line 1587, in load_library
    ctypes.CDLL(path)
    ~~~~~~~~~~~^^^^^^
  File "C:\Users\peang\AppData\Local\Programs\Python\Python314\Lib\ctypes\__init__.py", line 462, in __init__
    self._handle = _dlopen(self._name, mode)
                   ~~~~~~~^^^^^^^^^^^^^^^^^^
FileNotFoundError: Could not find module 'C:\Users\peang\AppData\Local\Programs\Python\Python314\Lib\site-packages\torchcodec\libtorchcodec_core4.dll' (or one of its dependencies). Try using the full path with constructor syntax.

The above exception was the direct cause of the following exception:

Traceback (most recent call last):
  File "C:\Users\peang\AppData\Local\Programs\Python\Python314\Lib\site-packages\torchcodec\_internally_replaced_utils.py", line 132, in load_core_libraries
    torch.ops.load_library(core_library_path)
    ~~~~~~~~~~~~~~~~~~~~~~^^^^^^^^^^^^^^^^^^^
  File "C:\Users\peang\AppData\Local\Programs\Python\Python314\Lib\site-packages\torch\_ops.py", line 1589, in load_library
    raise OSError(f"Could not load this library: {path}") from e
OSError: Could not load this library: C:\Users\peang\AppData\Local\Programs\Python\Python314\Lib\site-packages\torchcodec\libtorchcodec_core4.dll
[end of libtorchcodec loading traceback].

The above exception was the direct cause of the following exception:

Traceback (most recent call last):
  File "C:\Users\peang\Downloads\The-GREAT-SAGE-OPTIMIZED-v4\fullopt\great_sage\server.py", line 860, in _handle_chat
    voice.speak(cap_for_speech(speakable("".join(reply_chunks))))
    ~~~~~~~~~~~^^^^^^^^^^^^^^^^^^^^^^^^^^^^^^^^^^^^^^^^^^^^^^^^^^
  File "C:\Users\peang\Downloads\The-GREAT-SAGE-OPTIMIZED-v4\fullopt\great_sage\voice\f5_tts_engine.py", line 582, in speak
    self._speak_tts_segment(payload)
    ~~~~~~~~~~~~~~~~~~~~~~~^^^^^^^^^
  File "C:\Users\peang\Downloads\The-GREAT-SAGE-OPTIMIZED-v4\fullopt\great_sage\voice\f5_tts_engine.py", line 486, in _speak_tts_segment
    samples, rate = self.generate(spoken)
                    ~~~~~~~~~~~~~^^^^^^^^
  File "C:\Users\peang\Downloads\The-GREAT-SAGE-OPTIMIZED-v4\fullopt\great_sage\voice\f5_tts_engine.py", line 415, in generate
    wav, rate = self._generate_once(pieces[0])
                ~~~~~~~~~~~~~~~~~~~^^^^^^^^^^^
  File "C:\Users\peang\Downloads\The-GREAT-SAGE-OPTIMIZED-v4\fullopt\great_sage\voice\f5_tts_engine.py", line 394, in _generate_once
    raise VoiceError(f"F5-TTS synthesis failed: {exc}") from exc
great_sage.voice.base.VoiceError: F5-TTS synthesis failed: Failed to create AudioDecoder for C:\Users\peang\AppData\Local\Temp\tmpwwnr5q7d.wav: Could not load libtorchcodec. Likely causes:
          1. FFmpeg is not properly installed in your environment. We support
             versions 4, 5, 6, 7, 8, and 9, and we attempt to load libtorchcodec
             for each of those versions. Errors for versions not installed on
             your system are expected; only the error for your installed FFmpeg
             version is relevant. On Windows, ensure you've installed the
             "full-shared" version which ships DLLs.
          2. The PyTorch version (2.14.0+cu130) is not compatible with
             this version of TorchCodec. Refer to the version compatibility
             table:
             https://github.com/pytorch/torchcodec?tab=readme-ov-file#installing-torchcodec.
          3. Another runtime dependency; see exceptions below.

        The following exceptions were raised as we tried to load libtorchcodec:
        
[start of libtorchcodec loading traceback]
FFmpeg version 9:
Traceback (most recent call last):
  File "C:\Users\peang\AppData\Local\Programs\Python\Python314\Lib\site-packages\torch\_ops.py", line 1587, in load_library
    ctypes.CDLL(path)
    ~~~~~~~~~~~^^^^^^
  File "C:\Users\peang\AppData\Local\Programs\Python\Python314\Lib\ctypes\__init__.py", line 462, in __init__
    self._handle = _dlopen(self._name, mode)
                   ~~~~~~~^^^^^^^^^^^^^^^^^^
FileNotFoundError: Could not find module 'C:\Users\peang\AppData\Local\Programs\Python\Python314\Lib\site-packages\torchcodec\libtorchcodec_core9.dll' (or one of its dependencies). Try using the full path with constructor syntax.

The above exception was the direct cause of the following exception:

Traceback (most recent call last):
  File "C:\Users\peang\AppData\Local\Programs\Python\Python314\Lib\site-packages\torchcodec\_internally_replaced_utils.py", line 132, in load_core_libraries
    torch.ops.load_library(core_library_path)
    ~~~~~~~~~~~~~~~~~~~~~~^^^^^^^^^^^^^^^^^^^
  File "C:\Users\peang\AppData\Local\Programs\Python\Python314\Lib\site-packages\torch\_ops.py", line 1589, in load_library
    raise OSError(f"Could not load this library: {path}") from e
OSError: Could not load this library: C:\Users\peang\AppData\Local\Programs\Python\Python314\Lib\site-packages\torchcodec\libtorchcodec_core9.dll

FFmpeg version 8:
Traceback (most recent call last):
  File "C:\Users\peang\AppData\Local\Programs\Python\Python314\Lib\site-packages\torch\_ops.py", line 1587, in load_library
    ctypes.CDLL(path)
    ~~~~~~~~~~~^^^^^^
  File "C:\Users\peang\AppData\Local\Programs\Python\Python314\Lib\ctypes\__init__.py", line 462, in __init__
    self._handle = _dlopen(self._name, mode)
                   ~~~~~~~^^^^^^^^^^^^^^^^^^
FileNotFoundError: Could not find module 'C:\Users\peang\AppData\Local\Programs\Python\Python314\Lib\site-packages\torchcodec\libtorchcodec_core8.dll' (or one of its dependencies). Try using the full path with constructor syntax.

The above exception was the direct cause of the following exception:

Traceback (most recent call last):
  File "C:\Users\peang\AppData\Local\Programs\Python\Python314\Lib\site-packages\torchcodec\_internally_replaced_utils.py", line 132, in load_core_libraries
    torch.ops.load_library(core_library_path)
    ~~~~~~~~~~~~~~~~~~~~~~^^^^^^^^^^^^^^^^^^^
  File "C:\Users\peang\AppData\Local\Programs\Python\Python314\Lib\site-packages\torch\_ops.py", line 1589, in load_library
    raise OSError(f"Could not load this library: {path}") from e
OSError: Could not load this library: C:\Users\peang\AppData\Local\Programs\Python\Python314\Lib\site-packages\torchcodec\libtorchcodec_core8.dll

FFmpeg version 7:
Traceback (most recent call last):
  File "C:\Users\peang\AppData\Local\Programs\Python\Python314\Lib\site-packages\torch\_ops.py", line 1587, in load_library
    ctypes.CDLL(path)
    ~~~~~~~~~~~^^^^^^
  File "C:\Users\peang\AppData\Local\Programs\Python\Python314\Lib\ctypes\__init__.py", line 462, in __init__
    self._handle = _dlopen(self._name, mode)
                   ~~~~~~~^^^^^^^^^^^^^^^^^^
FileNotFoundError: Could not find module 'C:\Users\peang\AppData\Local\Programs\Python\Python314\Lib\site-packages\torchcodec\libtorchcodec_core7.dll' (or one of its dependencies). Try using the full path with constructor syntax.

The above exception was the direct cause of the following exception:

Traceback (most recent call last):
  File "C:\Users\peang\AppData\Local\Programs\Python\Python314\Lib\site-packages\torchcodec\_internally_replaced_utils.py", line 132, in load_core_libraries
    torch.ops.load_library(core_library_path)
    ~~~~~~~~~~~~~~~~~~~~~~^^^^^^^^^^^^^^^^^^^
  File "C:\Users\peang\AppData\Local\Programs\Python\Python314\Lib\site-packages\torch\_ops.py", line 1589, in load_library
    raise OSError(f"Could not load this library: {path}") from e
OSError: Could not load this library: C:\Users\peang\AppData\Local\Programs\Python\Python314\Lib\site-packages\torchcodec\libtorchcodec_core7.dll

FFmpeg version 6:
Traceback (most recent call last):
  File "C:\Users\peang\AppData\Local\Programs\Python\Python314\Lib\site-packages\torch\_ops.py", line 1587, in load_library
    ctypes.CDLL(path)
    ~~~~~~~~~~~^^^^^^
  File "C:\Users\peang\AppData\Local\Programs\Python\Python314\Lib\ctypes\__init__.py", line 462, in __init__
    self._handle = _dlopen(self._name, mode)
                   ~~~~~~~^^^^^^^^^^^^^^^^^^
FileNotFoundError: Could not find module 'C:\Users\peang\AppData\Local\Programs\Python\Python314\Lib\site-packages\torchcodec\libtorchcodec_core6.dll' (or one of its dependencies). Try using the full path with constructor syntax.

The above exception was the direct cause of the following exception:

Traceback (most recent call last):
  File "C:\Users\peang\AppData\Local\Programs\Python\Python314\Lib\site-packages\torchcodec\_internally_replaced_utils.py", line 132, in load_core_libraries
    torch.ops.load_library(core_library_path)
    ~~~~~~~~~~~~~~~~~~~~~~^^^^^^^^^^^^^^^^^^^
  File "C:\Users\peang\AppData\Local\Programs\Python\Python314\Lib\site-packages\torch\_ops.py", line 1589, in load_library
    raise OSError(f"Could not load this library: {path}") from e
OSError: Could not load this library: C:\Users\peang\AppData\Local\Programs\Python\Python314\Lib\site-packages\torchcodec\libtorchcodec_core6.dll

FFmpeg version 5:
Traceback (most recent call last):
  File "C:\Users\peang\AppData\Local\Programs\Python\Python314\Lib\site-packages\torch\_ops.py", line 1587, in load_library
    ctypes.CDLL(path)
    ~~~~~~~~~~~^^^^^^
  File "C:\Users\peang\AppData\Local\Programs\Python\Python314\Lib\ctypes\__init__.py", line 462, in __init__
    self._handle = _dlopen(self._name, mode)
                   ~~~~~~~^^^^^^^^^^^^^^^^^^
FileNotFoundError: Could not find module 'C:\Users\peang\AppData\Local\Programs\Python\Python314\Lib\site-packages\torchcodec\libtorchcodec_core5.dll' (or one of its dependencies). Try using the full path with constructor syntax.

The above exception was the direct cause of the following exception:

Traceback (most recent call last):
  File "C:\Users\peang\AppData\Local\Programs\Python\Python314\Lib\site-packages\torchcodec\_internally_replaced_utils.py", line 132, in load_core_libraries
    torch.ops.load_library(core_library_path)
    ~~~~~~~~~~~~~~~~~~~~~~^^^^^^^^^^^^^^^^^^^
  File "C:\Users\peang\AppData\Local\Programs\Python\Python314\Lib\site-packages\torch\_ops.py", line 1589, in load_library
    raise OSError(f"Could not load this library: {path}") from e
OSError: Could not load this library: C:\Users\peang\AppData\Local\Programs\Python\Python314\Lib\site-packages\torchcodec\libtorchcodec_core5.dll

FFmpeg version 4:
Traceback (most recent call last):
  File "C:\Users\peang\AppData\Local\Programs\Python\Python314\Lib\site-packages\torch\_ops.py", line 1587, in load_library
    ctypes.CDLL(path)
    ~~~~~~~~~~~^^^^^^
  File "C:\Users\peang\AppData\Local\Programs\Python\Python314\Lib\ctypes\__init__.py", line 462, in __init__
    self._handle = _dlopen(self._name, mode)
                   ~~~~~~~^^^^^^^^^^^^^^^^^^
FileNotFoundError: Could not find module 'C:\Users\peang\AppData\Local\Programs\Python\Python314\Lib\site-packages\torchcodec\libtorchcodec_core4.dll' (or one of its dependencies). Try using the full path with constructor syntax.

The above exception was the direct cause of the following exception:

Traceback (most recent call last):
  File "C:\Users\peang\AppData\Local\Programs\Python\Python314\Lib\site-packages\torchcodec\_internally_replaced_utils.py", line 132, in load_core_libraries
    torch.ops.load_library(core_library_path)
    ~~~~~~~~~~~~~~~~~~~~~~^^^^^^^^^^^^^^^^^^^
  File "C:\Users\peang\AppData\Local\Programs\Python\Python314\Lib\site-packages\torch\_ops.py", line 1589, in load_library
    raise OSError(f"Could not load this library: {path}") from e
OSError: Could not load this library: C:\Users\peang\AppData\Local\Programs\Python\Python314\Lib\site-packages\torchcodec\libtorchcodec_core4.dll
[end of libtorchcodec loading traceback].
2026-09-26 12:36:08,764 [INFO] great_sage.core.metrics: timing C'est un lit. | first_token=3.03s  text_done=3.25s  total=4.11s
2026-09-26 12:36:15,305 [INFO] great_sage.server: Voice key down: listening (mode COMPANION)
2026-09-26 12:36:18,068 [INFO] great_sage.server: Voice key up: transcribing
2026-09-26 12:36:18,088 [INFO] faster_whisper: Processing audio with duration 00:02.704
2026-09-26 12:36:18,092 [INFO] faster_whisper: VAD filter removed 00:00.240 of audio
2026-09-26 12:36:18,518 [INFO] great_sage.voice.speech_to_text: Transcribed 2.7s (fr): 'ça fait que nous, en plus, on...'
2026-09-26 12:36:25,642 [ERROR] great_sage.server: Voice/audio error speaking reply to 'ça fait que nous, en plus, on...'
Traceback (most recent call last):
  File "C:\Users\peang\AppData\Local\Programs\Python\Python314\Lib\site-packages\torchaudio\_torchcodec.py", line 116, in load_with_torchcodec
    decoder = AudioDecoder(uri)
  File "C:\Users\peang\AppData\Local\Programs\Python\Python314\Lib\site-packages\torchcodec\decoders\_audio_decoder.py", line 73, in __init__
    ) = create_audio_decoder(
        ~~~~~~~~~~~~~~~~~~~~^
        source=source,
        ^^^^^^^^^^^^^^
    ...<3 lines>...
        num_channels=num_channels,
        ^^^^^^^^^^^^^^^^^^^^^^^^^^
    )
    ^
  File "C:\Users\peang\AppData\Local\Programs\Python\Python314\Lib\site-packages\torchcodec\_core\_decoder_utils.py", line 81, in create_audio_decoder
    decoder = create_decoder(source=source, seek_mode=seek_mode)
  File "C:\Users\peang\AppData\Local\Programs\Python\Python314\Lib\site-packages\torchcodec\_core\_decoder_utils.py", line 46, in create_decoder
    load_core_libraries()
    ~~~~~~~~~~~~~~~~~~~^^
  File "C:\Users\peang\AppData\Local\Programs\Python\Python314\Lib\site-packages\torchcodec\_internally_replaced_utils.py", line 145, in load_core_libraries
    raise RuntimeError(
    ...<16 lines>...
    )
RuntimeError: Could not load libtorchcodec. Likely causes:
          1. FFmpeg is not properly installed in your environment. We support
             versions 4, 5, 6, 7, 8, and 9, and we attempt to load libtorchcodec
             for each of those versions. Errors for versions not installed on
             your system are expected; only the error for your installed FFmpeg
             version is relevant. On Windows, ensure you've installed the
             "full-shared" version which ships DLLs.
          2. The PyTorch version (2.14.0+cu130) is not compatible with
             this version of TorchCodec. Refer to the version compatibility
             table:
             https://github.com/pytorch/torchcodec?tab=readme-ov-file#installing-torchcodec.
          3. Another runtime dependency; see exceptions below.

        The following exceptions were raised as we tried to load libtorchcodec:
        
[start of libtorchcodec loading traceback]
FFmpeg version 9:
Traceback (most recent call last):
  File "C:\Users\peang\AppData\Local\Programs\Python\Python314\Lib\site-packages\torch\_ops.py", line 1587, in load_library
    ctypes.CDLL(path)
    ~~~~~~~~~~~^^^^^^
  File "C:\Users\peang\AppData\Local\Programs\Python\Python314\Lib\ctypes\__init__.py", line 462, in __init__
    self._handle = _dlopen(self._name, mode)
                   ~~~~~~~^^^^^^^^^^^^^^^^^^
FileNotFoundError: Could not find module 'C:\Users\peang\AppData\Local\Programs\Python\Python314\Lib\site-packages\torchcodec\libtorchcodec_core9.dll' (or one of its dependencies). Try using the full path with constructor syntax.

The above exception was the direct cause of the following exception:

Traceback (most recent call last):
  File "C:\Users\peang\AppData\Local\Programs\Python\Python314\Lib\site-packages\torchcodec\_internally_replaced_utils.py", line 132, in load_core_libraries
    torch.ops.load_library(core_library_path)
    ~~~~~~~~~~~~~~~~~~~~~~^^^^^^^^^^^^^^^^^^^
  File "C:\Users\peang\AppData\Local\Programs\Python\Python314\Lib\site-packages\torch\_ops.py", line 1589, in load_library
    raise OSError(f"Could not load this library: {path}") from e
OSError: Could not load this library: C:\Users\peang\AppData\Local\Programs\Python\Python314\Lib\site-packages\torchcodec\libtorchcodec_core9.dll

FFmpeg version 8:
Traceback (most recent call last):
  File "C:\Users\peang\AppData\Local\Programs\Python\Python314\Lib\site-packages\torch\_ops.py", line 1587, in load_library
    ctypes.CDLL(path)
    ~~~~~~~~~~~^^^^^^
  File "C:\Users\peang\AppData\Local\Programs\Python\Python314\Lib\ctypes\__init__.py", line 462, in __init__
    self._handle = _dlopen(self._name, mode)
                   ~~~~~~~^^^^^^^^^^^^^^^^^^
FileNotFoundError: Could not find module 'C:\Users\peang\AppData\Local\Programs\Python\Python314\Lib\site-packages\torchcodec\libtorchcodec_core8.dll' (or one of its dependencies). Try using the full path with constructor syntax.

The above exception was the direct cause of the following exception:

Traceback (most recent call last):
  File "C:\Users\peang\AppData\Local\Programs\Python\Python314\Lib\site-packages\torchcodec\_internally_replaced_utils.py", line 132, in load_core_libraries
    torch.ops.load_library(core_library_path)
    ~~~~~~~~~~~~~~~~~~~~~~^^^^^^^^^^^^^^^^^^^
  File "C:\Users\peang\AppData\Local\Programs\Python\Python314\Lib\site-packages\torch\_ops.py", line 1589, in load_library
    raise OSError(f"Could not load this library: {path}") from e
OSError: Could not load this library: C:\Users\peang\AppData\Local\Programs\Python\Python314\Lib\site-packages\torchcodec\libtorchcodec_core8.dll

FFmpeg version 7:
Traceback (most recent call last):
  File "C:\Users\peang\AppData\Local\Programs\Python\Python314\Lib\site-packages\torch\_ops.py", line 1587, in load_library
    ctypes.CDLL(path)
    ~~~~~~~~~~~^^^^^^
  File "C:\Users\peang\AppData\Local\Programs\Python\Python314\Lib\ctypes\__init__.py", line 462, in __init__
    self._handle = _dlopen(self._name, mode)
                   ~~~~~~~^^^^^^^^^^^^^^^^^^
FileNotFoundError: Could not find module 'C:\Users\peang\AppData\Local\Programs\Python\Python314\Lib\site-packages\torchcodec\libtorchcodec_core7.dll' (or one of its dependencies). Try using the full path with constructor syntax.

The above exception was the direct cause of the following exception:

Traceback (most recent call last):
  File "C:\Users\peang\AppData\Local\Programs\Python\Python314\Lib\site-packages\torchcodec\_internally_replaced_utils.py", line 132, in load_core_libraries
    torch.ops.load_library(core_library_path)
    ~~~~~~~~~~~~~~~~~~~~~~^^^^^^^^^^^^^^^^^^^
  File "C:\Users\peang\AppData\Local\Programs\Python\Python314\Lib\site-packages\torch\_ops.py", line 1589, in load_library
    raise OSError(f"Could not load this library: {path}") from e
OSError: Could not load this library: C:\Users\peang\AppData\Local\Programs\Python\Python314\Lib\site-packages\torchcodec\libtorchcodec_core7.dll

FFmpeg version 6:
Traceback (most recent call last):
  File "C:\Users\peang\AppData\Local\Programs\Python\Python314\Lib\site-packages\torch\_ops.py", line 1587, in load_library
    ctypes.CDLL(path)
    ~~~~~~~~~~~^^^^^^
  File "C:\Users\peang\AppData\Local\Programs\Python\Python314\Lib\ctypes\__init__.py", line 462, in __init__
    self._handle = _dlopen(self._name, mode)
                   ~~~~~~~^^^^^^^^^^^^^^^^^^
FileNotFoundError: Could not find module 'C:\Users\peang\AppData\Local\Programs\Python\Python314\Lib\site-packages\torchcodec\libtorchcodec_core6.dll' (or one of its dependencies). Try using the full path with constructor syntax.

The above exception was the direct cause of the following exception:

Traceback (most recent call last):
  File "C:\Users\peang\AppData\Local\Programs\Python\Python314\Lib\site-packages\torchcodec\_internally_replaced_utils.py", line 132, in load_core_libraries
    torch.ops.load_library(core_library_path)
    ~~~~~~~~~~~~~~~~~~~~~~^^^^^^^^^^^^^^^^^^^
  File "C:\Users\peang\AppData\Local\Programs\Python\Python314\Lib\site-packages\torch\_ops.py", line 1589, in load_library
    raise OSError(f"Could not load this library: {path}") from e
OSError: Could not load this library: C:\Users\peang\AppData\Local\Programs\Python\Python314\Lib\site-packages\torchcodec\libtorchcodec_core6.dll

FFmpeg version 5:
Traceback (most recent call last):
  File "C:\Users\peang\AppData\Local\Programs\Python\Python314\Lib\site-packages\torch\_ops.py", line 1587, in load_library
    ctypes.CDLL(path)
    ~~~~~~~~~~~^^^^^^
  File "C:\Users\peang\AppData\Local\Programs\Python\Python314\Lib\ctypes\__init__.py", line 462, in __init__
    self._handle = _dlopen(self._name, mode)
                   ~~~~~~~^^^^^^^^^^^^^^^^^^
FileNotFoundError: Could not find module 'C:\Users\peang\AppData\Local\Programs\Python\Python314\Lib\site-packages\torchcodec\libtorchcodec_core5.dll' (or one of its dependencies). Try using the full path with constructor syntax.

The above exception was the direct cause of the following exception:

Traceback (most recent call last):
  File "C:\Users\peang\AppData\Local\Programs\Python\Python314\Lib\site-packages\torchcodec\_internally_replaced_utils.py", line 132, in load_core_libraries
    torch.ops.load_library(core_library_path)
    ~~~~~~~~~~~~~~~~~~~~~~^^^^^^^^^^^^^^^^^^^
  File "C:\Users\peang\AppData\Local\Programs\Python\Python314\Lib\site-packages\torch\_ops.py", line 1589, in load_library
    raise OSError(f"Could not load this library: {path}") from e
OSError: Could not load this library: C:\Users\peang\AppData\Local\Programs\Python\Python314\Lib\site-packages\torchcodec\libtorchcodec_core5.dll

FFmpeg version 4:
Traceback (most recent call last):
  File "C:\Users\peang\AppData\Local\Programs\Python\Python314\Lib\site-packages\torch\_ops.py", line 1587, in load_library
    ctypes.CDLL(path)
    ~~~~~~~~~~~^^^^^^
  File "C:\Users\peang\AppData\Local\Programs\Python\Python314\Lib\ctypes\__init__.py", line 462, in __init__
    self._handle = _dlopen(self._name, mode)
                   ~~~~~~~^^^^^^^^^^^^^^^^^^
FileNotFoundError: Could not find module 'C:\Users\peang\AppData\Local\Programs\Python\Python314\Lib\site-packages\torchcodec\libtorchcodec_core4.dll' (or one of its dependencies). Try using the full path with constructor syntax.

The above exception was the direct cause of the following exception:

Traceback (most recent call last):
  File "C:\Users\peang\AppData\Local\Programs\Python\Python314\Lib\site-packages\torchcodec\_internally_replaced_utils.py", line 132, in load_core_libraries
    torch.ops.load_library(core_library_path)
    ~~~~~~~~~~~~~~~~~~~~~~^^^^^^^^^^^^^^^^^^^
  File "C:\Users\peang\AppData\Local\Programs\Python\Python314\Lib\site-packages\torch\_ops.py", line 1589, in load_library
    raise OSError(f"Could not load this library: {path}") from e
OSError: Could not load this library: C:\Users\peang\AppData\Local\Programs\Python\Python314\Lib\site-packages\torchcodec\libtorchcodec_core4.dll
[end of libtorchcodec loading traceback].

The above exception was the direct cause of the following exception:

Traceback (most recent call last):
  File "C:\Users\peang\Downloads\The-GREAT-SAGE-OPTIMIZED-v4\fullopt\great_sage\voice\f5_tts_engine.py", line 385, in _generate_once
    wav, sample_rate, _ = self._infer_process(
                          ~~~~~~~~~~~~~~~~~~~^
        ref_audio, ref_text, text,
        ^^^^^^^^^^^^^^^^^^^^^^^^^^
    ...<4 lines>...
        device=self._api.device,
        ^^^^^^^^^^^^^^^^^^^^^^^^
    )
    ^
  File "C:\Users\peang\AppData\Local\Programs\Python\Python314\Lib\site-packages\f5_tts\infer\utils_infer.py", line 403, in infer_process
    audio, sr = torchaudio.load(ref_audio)
                ~~~~~~~~~~~~~~~^^^^^^^^^^^
  File "C:\Users\peang\AppData\Local\Programs\Python\Python314\Lib\site-packages\torchaudio\__init__.py", line 86, in load
    return load_with_torchcodec(
        uri,
    ...<6 lines>...
        backend=backend,
    )
  File "C:\Users\peang\AppData\Local\Programs\Python\Python314\Lib\site-packages\torchaudio\_torchcodec.py", line 118, in load_with_torchcodec
    raise RuntimeError(f"Failed to create AudioDecoder for {uri}: {e}") from e
RuntimeError: Failed to create AudioDecoder for C:\Users\peang\AppData\Local\Temp\tmpwwnr5q7d.wav: Could not load libtorchcodec. Likely causes:
          1. FFmpeg is not properly installed in your environment. We support
             versions 4, 5, 6, 7, 8, and 9, and we attempt to load libtorchcodec
             for each of those versions. Errors for versions not installed on
             your system are expected; only the error for your installed FFmpeg
             version is relevant. On Windows, ensure you've installed the
             "full-shared" version which ships DLLs.
          2. The PyTorch version (2.14.0+cu130) is not compatible with
             this version of TorchCodec. Refer to the version compatibility
             table:
             https://github.com/pytorch/torchcodec?tab=readme-ov-file#installing-torchcodec.
          3. Another runtime dependency; see exceptions below.

        The following exceptions were raised as we tried to load libtorchcodec:
        
[start of libtorchcodec loading traceback]
FFmpeg version 9:
Traceback (most recent call last):
  File "C:\Users\peang\AppData\Local\Programs\Python\Python314\Lib\site-packages\torch\_ops.py", line 1587, in load_library
    ctypes.CDLL(path)
    ~~~~~~~~~~~^^^^^^
  File "C:\Users\peang\AppData\Local\Programs\Python\Python314\Lib\ctypes\__init__.py", line 462, in __init__
    self._handle = _dlopen(self._name, mode)
                   ~~~~~~~^^^^^^^^^^^^^^^^^^
FileNotFoundError: Could not find module 'C:\Users\peang\AppData\Local\Programs\Python\Python314\Lib\site-packages\torchcodec\libtorchcodec_core9.dll' (or one of its dependencies). Try using the full path with constructor syntax.

The above exception was the direct cause of the following exception:

Traceback (most recent call last):
  File "C:\Users\peang\AppData\Local\Programs\Python\Python314\Lib\site-packages\torchcodec\_internally_replaced_utils.py", line 132, in load_core_libraries
    torch.ops.load_library(core_library_path)
    ~~~~~~~~~~~~~~~~~~~~~~^^^^^^^^^^^^^^^^^^^
  File "C:\Users\peang\AppData\Local\Programs\Python\Python314\Lib\site-packages\torch\_ops.py", line 1589, in load_library
    raise OSError(f"Could not load this library: {path}") from e
OSError: Could not load this library: C:\Users\peang\AppData\Local\Programs\Python\Python314\Lib\site-packages\torchcodec\libtorchcodec_core9.dll

FFmpeg version 8:
Traceback (most recent call last):
  File "C:\Users\peang\AppData\Local\Programs\Python\Python314\Lib\site-packages\torch\_ops.py", line 1587, in load_library
    ctypes.CDLL(path)
    ~~~~~~~~~~~^^^^^^
  File "C:\Users\peang\AppData\Local\Programs\Python\Python314\Lib\ctypes\__init__.py", line 462, in __init__
    self._handle = _dlopen(self._name, mode)
                   ~~~~~~~^^^^^^^^^^^^^^^^^^
FileNotFoundError: Could not find module 'C:\Users\peang\AppData\Local\Programs\Python\Python314\Lib\site-packages\torchcodec\libtorchcodec_core8.dll' (or one of its dependencies). Try using the full path with constructor syntax.

The above exception was the direct cause of the following exception:

Traceback (most recent call last):
  File "C:\Users\peang\AppData\Local\Programs\Python\Python314\Lib\site-packages\torchcodec\_internally_replaced_utils.py", line 132, in load_core_libraries
    torch.ops.load_library(core_library_path)
    ~~~~~~~~~~~~~~~~~~~~~~^^^^^^^^^^^^^^^^^^^
  File "C:\Users\peang\AppData\Local\Programs\Python\Python314\Lib\site-packages\torch\_ops.py", line 1589, in load_library
    raise OSError(f"Could not load this library: {path}") from e
OSError: Could not load this library: C:\Users\peang\AppData\Local\Programs\Python\Python314\Lib\site-packages\torchcodec\libtorchcodec_core8.dll

FFmpeg version 7:
Traceback (most recent call last):
  File "C:\Users\peang\AppData\Local\Programs\Python\Python314\Lib\site-packages\torch\_ops.py", line 1587, in load_library
    ctypes.CDLL(path)
    ~~~~~~~~~~~^^^^^^
  File "C:\Users\peang\AppData\Local\Programs\Python\Python314\Lib\ctypes\__init__.py", line 462, in __init__
    self._handle = _dlopen(self._name, mode)
                   ~~~~~~~^^^^^^^^^^^^^^^^^^
FileNotFoundError: Could not find module 'C:\Users\peang\AppData\Local\Programs\Python\Python314\Lib\site-packages\torchcodec\libtorchcodec_core7.dll' (or one of its dependencies). Try using the full path with constructor syntax.

The above exception was the direct cause of the following exception:

Traceback (most recent call last):
  File "C:\Users\peang\AppData\Local\Programs\Python\Python314\Lib\site-packages\torchcodec\_internally_replaced_utils.py", line 132, in load_core_libraries
    torch.ops.load_library(core_library_path)
    ~~~~~~~~~~~~~~~~~~~~~~^^^^^^^^^^^^^^^^^^^
  File "C:\Users\peang\AppData\Local\Programs\Python\Python314\Lib\site-packages\torch\_ops.py", line 1589, in load_library
    raise OSError(f"Could not load this library: {path}") from e
OSError: Could not load this library: C:\Users\peang\AppData\Local\Programs\Python\Python314\Lib\site-packages\torchcodec\libtorchcodec_core7.dll

FFmpeg version 6:
Traceback (most recent call last):
  File "C:\Users\peang\AppData\Local\Programs\Python\Python314\Lib\site-packages\torch\_ops.py", line 1587, in load_library
    ctypes.CDLL(path)
    ~~~~~~~~~~~^^^^^^
  File "C:\Users\peang\AppData\Local\Programs\Python\Python314\Lib\ctypes\__init__.py", line 462, in __init__
    self._handle = _dlopen(self._name, mode)
                   ~~~~~~~^^^^^^^^^^^^^^^^^^
FileNotFoundError: Could not find module 'C:\Users\peang\AppData\Local\Programs\Python\Python314\Lib\site-packages\torchcodec\libtorchcodec_core6.dll' (or one of its dependencies). Try using the full path with constructor syntax.

The above exception was the direct cause of the following exception:

Traceback (most recent call last):
  File "C:\Users\peang\AppData\Local\Programs\Python\Python314\Lib\site-packages\torchcodec\_internally_replaced_utils.py", line 132, in load_core_libraries
    torch.ops.load_library(core_library_path)
    ~~~~~~~~~~~~~~~~~~~~~~^^^^^^^^^^^^^^^^^^^
  File "C:\Users\peang\AppData\Local\Programs\Python\Python314\Lib\site-packages\torch\_ops.py", line 1589, in load_library
    raise OSError(f"Could not load this library: {path}") from e
OSError: Could not load this library: C:\Users\peang\AppData\Local\Programs\Python\Python314\Lib\site-packages\torchcodec\libtorchcodec_core6.dll

FFmpeg version 5:
Traceback (most recent call last):
  File "C:\Users\peang\AppData\Local\Programs\Python\Python314\Lib\site-packages\torch\_ops.py", line 1587, in load_library
    ctypes.CDLL(path)
    ~~~~~~~~~~~^^^^^^
  File "C:\Users\peang\AppData\Local\Programs\Python\Python314\Lib\ctypes\__init__.py", line 462, in __init__
    self._handle = _dlopen(self._name, mode)
                   ~~~~~~~^^^^^^^^^^^^^^^^^^
FileNotFoundError: Could not find module 'C:\Users\peang\AppData\Local\Programs\Python\Python314\Lib\site-packages\torchcodec\libtorchcodec_core5.dll' (or one of its dependencies). Try using the full path with constructor syntax.

The above exception was the direct cause of the following exception:

Traceback (most recent call last):
  File "C:\Users\peang\AppData\Local\Programs\Python\Python314\Lib\site-packages\torchcodec\_internally_replaced_utils.py", line 132, in load_core_libraries
    torch.ops.load_library(core_library_path)
    ~~~~~~~~~~~~~~~~~~~~~~^^^^^^^^^^^^^^^^^^^
  File "C:\Users\peang\AppData\Local\Programs\Python\Python314\Lib\site-packages\torch\_ops.py", line 1589, in load_library
    raise OSError(f"Could not load this library: {path}") from e
OSError: Could not load this library: C:\Users\peang\AppData\Local\Programs\Python\Python314\Lib\site-packages\torchcodec\libtorchcodec_core5.dll

FFmpeg version 4:
Traceback (most recent call last):
  File "C:\Users\peang\AppData\Local\Programs\Python\Python314\Lib\site-packages\torch\_ops.py", line 1587, in load_library
    ctypes.CDLL(path)
    ~~~~~~~~~~~^^^^^^
  File "C:\Users\peang\AppData\Local\Programs\Python\Python314\Lib\ctypes\__init__.py", line 462, in __init__
    self._handle = _dlopen(self._name, mode)
                   ~~~~~~~^^^^^^^^^^^^^^^^^^
FileNotFoundError: Could not find module 'C:\Users\peang\AppData\Local\Programs\Python\Python314\Lib\site-packages\torchcodec\libtorchcodec_core4.dll' (or one of its dependencies). Try using the full path with constructor syntax.

The above exception was the direct cause of the following exception:

Traceback (most recent call last):
  File "C:\Users\peang\AppData\Local\Programs\Python\Python314\Lib\site-packages\torchcodec\_internally_replaced_utils.py", line 132, in load_core_libraries
    torch.ops.load_library(core_library_path)
    ~~~~~~~~~~~~~~~~~~~~~~^^^^^^^^^^^^^^^^^^^
  File "C:\Users\peang\AppData\Local\Programs\Python\Python314\Lib\site-packages\torch\_ops.py", line 1589, in load_library
    raise OSError(f"Could not load this library: {path}") from e
OSError: Could not load this library: C:\Users\peang\AppData\Local\Programs\Python\Python314\Lib\site-packages\torchcodec\libtorchcodec_core4.dll
[end of libtorchcodec loading traceback].

The above exception was the direct cause of the following exception:

Traceback (most recent call last):
  File "C:\Users\peang\Downloads\The-GREAT-SAGE-OPTIMIZED-v4\fullopt\great_sage\server.py", line 860, in _handle_chat
    voice.speak(cap_for_speech(speakable("".join(reply_chunks))))
    ~~~~~~~~~~~^^^^^^^^^^^^^^^^^^^^^^^^^^^^^^^^^^^^^^^^^^^^^^^^^^
  File "C:\Users\peang\Downloads\The-GREAT-SAGE-OPTIMIZED-v4\fullopt\great_sage\voice\f5_tts_engine.py", line 582, in speak
    self._speak_tts_segment(payload)
    ~~~~~~~~~~~~~~~~~~~~~~~^^^^^^^^^
  File "C:\Users\peang\Downloads\The-GREAT-SAGE-OPTIMIZED-v4\fullopt\great_sage\voice\f5_tts_engine.py", line 486, in _speak_tts_segment
    samples, rate = self.generate(spoken)
                    ~~~~~~~~~~~~~^^^^^^^^
  File "C:\Users\peang\Downloads\The-GREAT-SAGE-OPTIMIZED-v4\fullopt\great_sage\voice\f5_tts_engine.py", line 415, in generate
    wav, rate = self._generate_once(pieces[0])
                ~~~~~~~~~~~~~~~~~~~^^^^^^^^^^^
  File "C:\Users\peang\Downloads\The-GREAT-SAGE-OPTIMIZED-v4\fullopt\great_sage\voice\f5_tts_engine.py", line 394, in _generate_once
    raise VoiceError(f"F5-TTS synthesis failed: {exc}") from exc
great_sage.voice.base.VoiceError: F5-TTS synthesis failed: Failed to create AudioDecoder for C:\Users\peang\AppData\Local\Temp\tmpwwnr5q7d.wav: Could not load libtorchcodec. Likely causes:
          1. FFmpeg is not properly installed in your environment. We support
             versions 4, 5, 6, 7, 8, and 9, and we attempt to load libtorchcodec
             for each of those versions. Errors for versions not installed on
             your system are expected; only the error for your installed FFmpeg
             version is relevant. On Windows, ensure you've installed the
             "full-shared" version which ships DLLs.
          2. The PyTorch version (2.14.0+cu130) is not compatible with
             this version of TorchCodec. Refer to the version compatibility
             table:
             https://github.com/pytorch/torchcodec?tab=readme-ov-file#installing-torchcodec.
          3. Another runtime dependency; see exceptions below.

        The following exceptions were raised as we tried to load libtorchcodec:
        
[start of libtorchcodec loading traceback]
FFmpeg version 9:
Traceback (most recent call last):
  File "C:\Users\peang\AppData\Local\Programs\Python\Python314\Lib\site-packages\torch\_ops.py", line 1587, in load_library
    ctypes.CDLL(path)
    ~~~~~~~~~~~^^^^^^
  File "C:\Users\peang\AppData\Local\Programs\Python\Python314\Lib\ctypes\__init__.py", line 462, in __init__
    self._handle = _dlopen(self._name, mode)
                   ~~~~~~~^^^^^^^^^^^^^^^^^^
FileNotFoundError: Could not find module 'C:\Users\peang\AppData\Local\Programs\Python\Python314\Lib\site-packages\torchcodec\libtorchcodec_core9.dll' (or one of its dependencies). Try using the full path with constructor syntax.

The above exception was the direct cause of the following exception:

Traceback (most recent call last):
  File "C:\Users\peang\AppData\Local\Programs\Python\Python314\Lib\site-packages\torchcodec\_internally_replaced_utils.py", line 132, in load_core_libraries
    torch.ops.load_library(core_library_path)
    ~~~~~~~~~~~~~~~~~~~~~~^^^^^^^^^^^^^^^^^^^
  File "C:\Users\peang\AppData\Local\Programs\Python\Python314\Lib\site-packages\torch\_ops.py", line 1589, in load_library
    raise OSError(f"Could not load this library: {path}") from e
OSError: Could not load this library: C:\Users\peang\AppData\Local\Programs\Python\Python314\Lib\site-packages\torchcodec\libtorchcodec_core9.dll

FFmpeg version 8:
Traceback (most recent call last):
  File "C:\Users\peang\AppData\Local\Programs\Python\Python314\Lib\site-packages\torch\_ops.py", line 1587, in load_library
    ctypes.CDLL(path)
    ~~~~~~~~~~~^^^^^^
  File "C:\Users\peang\AppData\Local\Programs\Python\Python314\Lib\ctypes\__init__.py", line 462, in __init__
    self._handle = _dlopen(self._name, mode)
                   ~~~~~~~^^^^^^^^^^^^^^^^^^
FileNotFoundError: Could not find module 'C:\Users\peang\AppData\Local\Programs\Python\Python314\Lib\site-packages\torchcodec\libtorchcodec_core8.dll' (or one of its dependencies). Try using the full path with constructor syntax.

The above exception was the direct cause of the following exception:

Traceback (most recent call last):
  File "C:\Users\peang\AppData\Local\Programs\Python\Python314\Lib\site-packages\torchcodec\_internally_replaced_utils.py", line 132, in load_core_libraries
    torch.ops.load_library(core_library_path)
    ~~~~~~~~~~~~~~~~~~~~~~^^^^^^^^^^^^^^^^^^^
  File "C:\Users\peang\AppData\Local\Programs\Python\Python314\Lib\site-packages\torch\_ops.py", line 1589, in load_library
    raise OSError(f"Could not load this library: {path}") from e
OSError: Could not load this library: C:\Users\peang\AppData\Local\Programs\Python\Python314\Lib\site-packages\torchcodec\libtorchcodec_core8.dll

FFmpeg version 7:
Traceback (most recent call last):
  File "C:\Users\peang\AppData\Local\Programs\Python\Python314\Lib\site-packages\torch\_ops.py", line 1587, in load_library
    ctypes.CDLL(path)
    ~~~~~~~~~~~^^^^^^
  File "C:\Users\peang\AppData\Local\Programs\Python\Python314\Lib\ctypes\__init__.py", line 462, in __init__
    self._handle = _dlopen(self._name, mode)
                   ~~~~~~~^^^^^^^^^^^^^^^^^^
FileNotFoundError: Could not find module 'C:\Users\peang\AppData\Local\Programs\Python\Python314\Lib\site-packages\torchcodec\libtorchcodec_core7.dll' (or one of its dependencies). Try using the full path with constructor syntax.

The above exception was the direct cause of the following exception:

Traceback (most recent call last):
  File "C:\Users\peang\AppData\Local\Programs\Python\Python314\Lib\site-packages\torchcodec\_internally_replaced_utils.py", line 132, in load_core_libraries
    torch.ops.load_library(core_library_path)
    ~~~~~~~~~~~~~~~~~~~~~~^^^^^^^^^^^^^^^^^^^
  File "C:\Users\peang\AppData\Local\Programs\Python\Python314\Lib\site-packages\torch\_ops.py", line 1589, in load_library
    raise OSError(f"Could not load this library: {path}") from e
OSError: Could not load this library: C:\Users\peang\AppData\Local\Programs\Python\Python314\Lib\site-packages\torchcodec\libtorchcodec_core7.dll

FFmpeg version 6:
Traceback (most recent call last):
  File "C:\Users\peang\AppData\Local\Programs\Python\Python314\Lib\site-packages\torch\_ops.py", line 1587, in load_library
    ctypes.CDLL(path)
    ~~~~~~~~~~~^^^^^^
  File "C:\Users\peang\AppData\Local\Programs\Python\Python314\Lib\ctypes\__init__.py", line 462, in __init__
    self._handle = _dlopen(self._name, mode)
                   ~~~~~~~^^^^^^^^^^^^^^^^^^
FileNotFoundError: Could not find module 'C:\Users\peang\AppData\Local\Programs\Python\Python314\Lib\site-packages\torchcodec\libtorchcodec_core6.dll' (or one of its dependencies). Try using the full path with constructor syntax.

The above exception was the direct cause of the following exception:

Traceback (most recent call last):
  File "C:\Users\peang\AppData\Local\Programs\Python\Python314\Lib\site-packages\torchcodec\_internally_replaced_utils.py", line 132, in load_core_libraries
    torch.ops.load_library(core_library_path)
    ~~~~~~~~~~~~~~~~~~~~~~^^^^^^^^^^^^^^^^^^^
  File "C:\Users\peang\AppData\Local\Programs\Python\Python314\Lib\site-packages\torch\_ops.py", line 1589, in load_library
    raise OSError(f"Could not load this library: {path}") from e
OSError: Could not load this library: C:\Users\peang\AppData\Local\Programs\Python\Python314\Lib\site-packages\torchcodec\libtorchcodec_core6.dll

FFmpeg version 5:
Traceback (most recent call last):
  File "C:\Users\peang\AppData\Local\Programs\Python\Python314\Lib\site-packages\torch\_ops.py", line 1587, in load_library
    ctypes.CDLL(path)
    ~~~~~~~~~~~^^^^^^
  File "C:\Users\peang\AppData\Local\Programs\Python\Python314\Lib\ctypes\__init__.py", line 462, in __init__
    self._handle = _dlopen(self._name, mode)
                   ~~~~~~~^^^^^^^^^^^^^^^^^^
FileNotFoundError: Could not find module 'C:\Users\peang\AppData\Local\Programs\Python\Python314\Lib\site-packages\torchcodec\libtorchcodec_core5.dll' (or one of its dependencies). Try using the full path with constructor syntax.

The above exception was the direct cause of the following exception:

Traceback (most recent call last):
  File "C:\Users\peang\AppData\Local\Programs\Python\Python314\Lib\site-packages\torchcodec\_internally_replaced_utils.py", line 132, in load_core_libraries
    torch.ops.load_library(core_library_path)
    ~~~~~~~~~~~~~~~~~~~~~~^^^^^^^^^^^^^^^^^^^
  File "C:\Users\peang\AppData\Local\Programs\Python\Python314\Lib\site-packages\torch\_ops.py", line 1589, in load_library
    raise OSError(f"Could not load this library: {path}") from e
OSError: Could not load this library: C:\Users\peang\AppData\Local\Programs\Python\Python314\Lib\site-packages\torchcodec\libtorchcodec_core5.dll

FFmpeg version 4:
Traceback (most recent call last):
  File "C:\Users\peang\AppData\Local\Programs\Python\Python314\Lib\site-packages\torch\_ops.py", line 1587, in load_library
    ctypes.CDLL(path)
    ~~~~~~~~~~~^^^^^^
  File "C:\Users\peang\AppData\Local\Programs\Python\Python314\Lib\ctypes\__init__.py", line 462, in __init__
    self._handle = _dlopen(self._name, mode)
                   ~~~~~~~^^^^^^^^^^^^^^^^^^
FileNotFoundError: Could not find module 'C:\Users\peang\AppData\Local\Programs\Python\Python314\Lib\site-packages\torchcodec\libtorchcodec_core4.dll' (or one of its dependencies). Try using the full path with constructor syntax.

The above exception was the direct cause of the following exception:

Traceback (most recent call last):
  File "C:\Users\peang\AppData\Local\Programs\Python\Python314\Lib\site-packages\torchcodec\_internally_replaced_utils.py", line 132, in load_core_libraries
    torch.ops.load_library(core_library_path)
    ~~~~~~~~~~~~~~~~~~~~~~^^^^^^^^^^^^^^^^^^^
  File "C:\Users\peang\AppData\Local\Programs\Python\Python314\Lib\site-packages\torch\_ops.py", line 1589, in load_library
    raise OSError(f"Could not load this library: {path}") from e
OSError: Could not load this library: C:\Users\peang\AppData\Local\Programs\Python\Python314\Lib\site-packages\torchcodec\libtorchcodec_core4.dll
[end of libtorchcodec loading traceback].
2026-09-26 12:36:25,644 [INFO] great_sage.core.metrics: timing ça fait que nous, en plus, on... | first_token=5.89s  text_done=6.28s  total=7.13s
2026-09-26 12:36:33,072 [INFO] great_sage.server: Voice key down: listening (mode COMPANION)
2026-09-26 12:36:34,498 [INFO] great_sage.server: Voice key up: transcribing
2026-09-26 12:36:34,523 [INFO] faster_whisper: Processing audio with duration 00:01.378
2026-09-26 12:36:34,525 [INFO] faster_whisper: VAD filter removed 00:00.272 of audio
2026-09-26 12:36:34,885 [INFO] great_sage.voice.speech_to_text: Transcribed 1.4s (fr): "C'est ça ?"
2026-09-26 12:36:38,221 [ERROR] great_sage.server: Voice/audio error speaking reply to "C'est ça ?"
Traceback (most recent call last):
  File "C:\Users\peang\AppData\Local\Programs\Python\Python314\Lib\site-packages\torchaudio\_torchcodec.py", line 116, in load_with_torchcodec
    decoder = AudioDecoder(uri)
  File "C:\Users\peang\AppData\Local\Programs\Python\Python314\Lib\site-packages\torchcodec\decoders\_audio_decoder.py", line 73, in __init__
    ) = create_audio_decoder(
        ~~~~~~~~~~~~~~~~~~~~^
        source=source,
        ^^^^^^^^^^^^^^
    ...<3 lines>...
        num_channels=num_channels,
        ^^^^^^^^^^^^^^^^^^^^^^^^^^
    )
    ^
  File "C:\Users\peang\AppData\Local\Programs\Python\Python314\Lib\site-packages\torchcodec\_core\_decoder_utils.py", line 81, in create_audio_decoder
    decoder = create_decoder(source=source, seek_mode=seek_mode)
  File "C:\Users\peang\AppData\Local\Programs\Python\Python314\Lib\site-packages\torchcodec\_core\_decoder_utils.py", line 46, in create_decoder
    load_core_libraries()
    ~~~~~~~~~~~~~~~~~~~^^
  File "C:\Users\peang\AppData\Local\Programs\Python\Python314\Lib\site-packages\torchcodec\_internally_replaced_utils.py", line 145, in load_core_libraries
    raise RuntimeError(
    ...<16 lines>...
    )
RuntimeError: Could not load libtorchcodec. Likely causes:
          1. FFmpeg is not properly installed in your environment. We support
             versions 4, 5, 6, 7, 8, and 9, and we attempt to load libtorchcodec
             for each of those versions. Errors for versions not installed on
             your system are expected; only the error for your installed FFmpeg
             version is relevant. On Windows, ensure you've installed the
             "full-shared" version which ships DLLs.
          2. The PyTorch version (2.14.0+cu130) is not compatible with
             this version of TorchCodec. Refer to the version compatibility
             table:
             https://github.com/pytorch/torchcodec?tab=readme-ov-file#installing-torchcodec.
          3. Another runtime dependency; see exceptions below.

        The following exceptions were raised as we tried to load libtorchcodec:
        
[start of libtorchcodec loading traceback]
FFmpeg version 9:
Traceback (most recent call last):
  File "C:\Users\peang\AppData\Local\Programs\Python\Python314\Lib\site-packages\torch\_ops.py", line 1587, in load_library
    ctypes.CDLL(path)
    ~~~~~~~~~~~^^^^^^
  File "C:\Users\peang\AppData\Local\Programs\Python\Python314\Lib\ctypes\__init__.py", line 462, in __init__
    self._handle = _dlopen(self._name, mode)
                   ~~~~~~~^^^^^^^^^^^^^^^^^^
FileNotFoundError: Could not find module 'C:\Users\peang\AppData\Local\Programs\Python\Python314\Lib\site-packages\torchcodec\libtorchcodec_core9.dll' (or one of its dependencies). Try using the full path with constructor syntax.

The above exception was the direct cause of the following exception:

Traceback (most recent call last):
  File "C:\Users\peang\AppData\Local\Programs\Python\Python314\Lib\site-packages\torchcodec\_internally_replaced_utils.py", line 132, in load_core_libraries
    torch.ops.load_library(core_library_path)
    ~~~~~~~~~~~~~~~~~~~~~~^^^^^^^^^^^^^^^^^^^
  File "C:\Users\peang\AppData\Local\Programs\Python\Python314\Lib\site-packages\torch\_ops.py", line 1589, in load_library
    raise OSError(f"Could not load this library: {path}") from e
OSError: Could not load this library: C:\Users\peang\AppData\Local\Programs\Python\Python314\Lib\site-packages\torchcodec\libtorchcodec_core9.dll

FFmpeg version 8:
Traceback (most recent call last):
  File "C:\Users\peang\AppData\Local\Programs\Python\Python314\Lib\site-packages\torch\_ops.py", line 1587, in load_library
    ctypes.CDLL(path)
    ~~~~~~~~~~~^^^^^^
  File "C:\Users\peang\AppData\Local\Programs\Python\Python314\Lib\ctypes\__init__.py", line 462, in __init__
    self._handle = _dlopen(self._name, mode)
                   ~~~~~~~^^^^^^^^^^^^^^^^^^
FileNotFoundError: Could not find module 'C:\Users\peang\AppData\Local\Programs\Python\Python314\Lib\site-packages\torchcodec\libtorchcodec_core8.dll' (or one of its dependencies). Try using the full path with constructor syntax.

The above exception was the direct cause of the following exception:

Traceback (most recent call last):
  File "C:\Users\peang\AppData\Local\Programs\Python\Python314\Lib\site-packages\torchcodec\_internally_replaced_utils.py", line 132, in load_core_libraries
    torch.ops.load_library(core_library_path)
    ~~~~~~~~~~~~~~~~~~~~~~^^^^^^^^^^^^^^^^^^^
  File "C:\Users\peang\AppData\Local\Programs\Python\Python314\Lib\site-packages\torch\_ops.py", line 1589, in load_library
    raise OSError(f"Could not load this library: {path}") from e
OSError: Could not load this library: C:\Users\peang\AppData\Local\Programs\Python\Python314\Lib\site-packages\torchcodec\libtorchcodec_core8.dll

FFmpeg version 7:
Traceback (most recent call last):
  File "C:\Users\peang\AppData\Local\Programs\Python\Python314\Lib\site-packages\torch\_ops.py", line 1587, in load_library
    ctypes.CDLL(path)
    ~~~~~~~~~~~^^^^^^
  File "C:\Users\peang\AppData\Local\Programs\Python\Python314\Lib\ctypes\__init__.py", line 462, in __init__
    self._handle = _dlopen(self._name, mode)
                   ~~~~~~~^^^^^^^^^^^^^^^^^^
FileNotFoundError: Could not find module 'C:\Users\peang\AppData\Local\Programs\Python\Python314\Lib\site-packages\torchcodec\libtorchcodec_core7.dll' (or one of its dependencies). Try using the full path with constructor syntax.

The above exception was the direct cause of the following exception:

Traceback (most recent call last):
  File "C:\Users\peang\AppData\Local\Programs\Python\Python314\Lib\site-packages\torchcodec\_internally_replaced_utils.py", line 132, in load_core_libraries
    torch.ops.load_library(core_library_path)
    ~~~~~~~~~~~~~~~~~~~~~~^^^^^^^^^^^^^^^^^^^
  File "C:\Users\peang\AppData\Local\Programs\Python\Python314\Lib\site-packages\torch\_ops.py", line 1589, in load_library
    raise OSError(f"Could not load this library: {path}") from e
OSError: Could not load this library: C:\Users\peang\AppData\Local\Programs\Python\Python314\Lib\site-packages\torchcodec\libtorchcodec_core7.dll

FFmpeg version 6:
Traceback (most recent call last):
  File "C:\Users\peang\AppData\Local\Programs\Python\Python314\Lib\site-packages\torch\_ops.py", line 1587, in load_library
    ctypes.CDLL(path)
    ~~~~~~~~~~~^^^^^^
  File "C:\Users\peang\AppData\Local\Programs\Python\Python314\Lib\ctypes\__init__.py", line 462, in __init__
    self._handle = _dlopen(self._name, mode)
                   ~~~~~~~^^^^^^^^^^^^^^^^^^
FileNotFoundError: Could not find module 'C:\Users\peang\AppData\Local\Programs\Python\Python314\Lib\site-packages\torchcodec\libtorchcodec_core6.dll' (or one of its dependencies). Try using the full path with constructor syntax.

The above exception was the direct cause of the following exception:

Traceback (most recent call last):
  File "C:\Users\peang\AppData\Local\Programs\Python\Python314\Lib\site-packages\torchcodec\_internally_replaced_utils.py", line 132, in load_core_libraries
    torch.ops.load_library(core_library_path)
    ~~~~~~~~~~~~~~~~~~~~~~^^^^^^^^^^^^^^^^^^^
  File "C:\Users\peang\AppData\Local\Programs\Python\Python314\Lib\site-packages\torch\_ops.py", line 1589, in load_library
    raise OSError(f"Could not load this library: {path}") from e
OSError: Could not load this library: C:\Users\peang\AppData\Local\Programs\Python\Python314\Lib\site-packages\torchcodec\libtorchcodec_core6.dll

FFmpeg version 5:
Traceback (most recent call last):
  File "C:\Users\peang\AppData\Local\Programs\Python\Python314\Lib\site-packages\torch\_ops.py", line 1587, in load_library
    ctypes.CDLL(path)
    ~~~~~~~~~~~^^^^^^
  File "C:\Users\peang\AppData\Local\Programs\Python\Python314\Lib\ctypes\__init__.py", line 462, in __init__
    self._handle = _dlopen(self._name, mode)
                   ~~~~~~~^^^^^^^^^^^^^^^^^^
FileNotFoundError: Could not find module 'C:\Users\peang\AppData\Local\Programs\Python\Python314\Lib\site-packages\torchcodec\libtorchcodec_core5.dll' (or one of its dependencies). Try using the full path with constructor syntax.

The above exception was the direct cause of the following exception:

Traceback (most recent call last):
  File "C:\Users\peang\AppData\Local\Programs\Python\Python314\Lib\site-packages\torchcodec\_internally_replaced_utils.py", line 132, in load_core_libraries
    torch.ops.load_library(core_library_path)
    ~~~~~~~~~~~~~~~~~~~~~~^^^^^^^^^^^^^^^^^^^
  File "C:\Users\peang\AppData\Local\Programs\Python\Python314\Lib\site-packages\torch\_ops.py", line 1589, in load_library
    raise OSError(f"Could not load this library: {path}") from e
OSError: Could not load this library: C:\Users\peang\AppData\Local\Programs\Python\Python314\Lib\site-packages\torchcodec\libtorchcodec_core5.dll

FFmpeg version 4:
Traceback (most recent call last):
  File "C:\Users\peang\AppData\Local\Programs\Python\Python314\Lib\site-packages\torch\_ops.py", line 1587, in load_library
    ctypes.CDLL(path)
    ~~~~~~~~~~~^^^^^^
  File "C:\Users\peang\AppData\Local\Programs\Python\Python314\Lib\ctypes\__init__.py", line 462, in __init__
    self._handle = _dlopen(self._name, mode)
                   ~~~~~~~^^^^^^^^^^^^^^^^^^
FileNotFoundError: Could not find module 'C:\Users\peang\AppData\Local\Programs\Python\Python314\Lib\site-packages\torchcodec\libtorchcodec_core4.dll' (or one of its dependencies). Try using the full path with constructor syntax.

The above exception was the direct cause of the following exception:

Traceback (most recent call last):
  File "C:\Users\peang\AppData\Local\Programs\Python\Python314\Lib\site-packages\torchcodec\_internally_replaced_utils.py", line 132, in load_core_libraries
    torch.ops.load_library(core_library_path)
    ~~~~~~~~~~~~~~~~~~~~~~^^^^^^^^^^^^^^^^^^^
  File "C:\Users\peang\AppData\Local\Programs\Python\Python314\Lib\site-packages\torch\_ops.py", line 1589, in load_library
    raise OSError(f"Could not load this library: {path}") from e
OSError: Could not load this library: C:\Users\peang\AppData\Local\Programs\Python\Python314\Lib\site-packages\torchcodec\libtorchcodec_core4.dll
[end of libtorchcodec loading traceback].

The above exception was the direct cause of the following exception:

Traceback (most recent call last):
  File "C:\Users\peang\Downloads\The-GREAT-SAGE-OPTIMIZED-v4\fullopt\great_sage\voice\f5_tts_engine.py", line 385, in _generate_once
    wav, sample_rate, _ = self._infer_process(
                          ~~~~~~~~~~~~~~~~~~~^
        ref_audio, ref_text, text,
        ^^^^^^^^^^^^^^^^^^^^^^^^^^
    ...<4 lines>...
        device=self._api.device,
        ^^^^^^^^^^^^^^^^^^^^^^^^
    )
    ^
  File "C:\Users\peang\AppData\Local\Programs\Python\Python314\Lib\site-packages\f5_tts\infer\utils_infer.py", line 403, in infer_process
    audio, sr = torchaudio.load(ref_audio)
                ~~~~~~~~~~~~~~~^^^^^^^^^^^
  File "C:\Users\peang\AppData\Local\Programs\Python\Python314\Lib\site-packages\torchaudio\__init__.py", line 86, in load
    return load_with_torchcodec(
        uri,
    ...<6 lines>...
        backend=backend,
    )
  File "C:\Users\peang\AppData\Local\Programs\Python\Python314\Lib\site-packages\torchaudio\_torchcodec.py", line 118, in load_with_torchcodec
    raise RuntimeError(f"Failed to create AudioDecoder for {uri}: {e}") from e
RuntimeError: Failed to create AudioDecoder for C:\Users\peang\AppData\Local\Temp\tmpwwnr5q7d.wav: Could not load libtorchcodec. Likely causes:
          1. FFmpeg is not properly installed in your environment. We support
             versions 4, 5, 6, 7, 8, and 9, and we attempt to load libtorchcodec
             for each of those versions. Errors for versions not installed on
             your system are expected; only the error for your installed FFmpeg
             version is relevant. On Windows, ensure you've installed the
             "full-shared" version which ships DLLs.
          2. The PyTorch version (2.14.0+cu130) is not compatible with
             this version of TorchCodec. Refer to the version compatibility
             table:
             https://github.com/pytorch/torchcodec?tab=readme-ov-file#installing-torchcodec.
          3. Another runtime dependency; see exceptions below.

        The following exceptions were raised as we tried to load libtorchcodec:
        
[start of libtorchcodec loading traceback]
FFmpeg version 9:
Traceback (most recent call last):
  File "C:\Users\peang\AppData\Local\Programs\Python\Python314\Lib\site-packages\torch\_ops.py", line 1587, in load_library
    ctypes.CDLL(path)
    ~~~~~~~~~~~^^^^^^
  File "C:\Users\peang\AppData\Local\Programs\Python\Python314\Lib\ctypes\__init__.py", line 462, in __init__
    self._handle = _dlopen(self._name, mode)
                   ~~~~~~~^^^^^^^^^^^^^^^^^^
FileNotFoundError: Could not find module 'C:\Users\peang\AppData\Local\Programs\Python\Python314\Lib\site-packages\torchcodec\libtorchcodec_core9.dll' (or one of its dependencies). Try using the full path with constructor syntax.

The above exception was the direct cause of the following exception:

Traceback (most recent call last):
  File "C:\Users\peang\AppData\Local\Programs\Python\Python314\Lib\site-packages\torchcodec\_internally_replaced_utils.py", line 132, in load_core_libraries
    torch.ops.load_library(core_library_path)
    ~~~~~~~~~~~~~~~~~~~~~~^^^^^^^^^^^^^^^^^^^
  File "C:\Users\peang\AppData\Local\Programs\Python\Python314\Lib\site-packages\torch\_ops.py", line 1589, in load_library
    raise OSError(f"Could not load this library: {path}") from e
OSError: Could not load this library: C:\Users\peang\AppData\Local\Programs\Python\Python314\Lib\site-packages\torchcodec\libtorchcodec_core9.dll

FFmpeg version 8:
Traceback (most recent call last):
  File "C:\Users\peang\AppData\Local\Programs\Python\Python314\Lib\site-packages\torch\_ops.py", line 1587, in load_library
    ctypes.CDLL(path)
    ~~~~~~~~~~~^^^^^^
  File "C:\Users\peang\AppData\Local\Programs\Python\Python314\Lib\ctypes\__init__.py", line 462, in __init__
    self._handle = _dlopen(self._name, mode)
                   ~~~~~~~^^^^^^^^^^^^^^^^^^
FileNotFoundError: Could not find module 'C:\Users\peang\AppData\Local\Programs\Python\Python314\Lib\site-packages\torchcodec\libtorchcodec_core8.dll' (or one of its dependencies). Try using the full path with constructor syntax.

The above exception was the direct cause of the following exception:

Traceback (most recent call last):
  File "C:\Users\peang\AppData\Local\Programs\Python\Python314\Lib\site-packages\torchcodec\_internally_replaced_utils.py", line 132, in load_core_libraries
    torch.ops.load_library(core_library_path)
    ~~~~~~~~~~~~~~~~~~~~~~^^^^^^^^^^^^^^^^^^^
  File "C:\Users\peang\AppData\Local\Programs\Python\Python314\Lib\site-packages\torch\_ops.py", line 1589, in load_library
    raise OSError(f"Could not load this library: {path}") from e
OSError: Could not load this library: C:\Users\peang\AppData\Local\Programs\Python\Python314\Lib\site-packages\torchcodec\libtorchcodec_core8.dll

FFmpeg version 7:
Traceback (most recent call last):
  File "C:\Users\peang\AppData\Local\Programs\Python\Python314\Lib\site-packages\torch\_ops.py", line 1587, in load_library
    ctypes.CDLL(path)
    ~~~~~~~~~~~^^^^^^
  File "C:\Users\peang\AppData\Local\Programs\Python\Python314\Lib\ctypes\__init__.py", line 462, in __init__
    self._handle = _dlopen(self._name, mode)
                   ~~~~~~~^^^^^^^^^^^^^^^^^^
FileNotFoundError: Could not find module 'C:\Users\peang\AppData\Local\Programs\Python\Python314\Lib\site-packages\torchcodec\libtorchcodec_core7.dll' (or one of its dependencies). Try using the full path with constructor syntax.

The above exception was the direct cause of the following exception:

Traceback (most recent call last):
  File "C:\Users\peang\AppData\Local\Programs\Python\Python314\Lib\site-packages\torchcodec\_internally_replaced_utils.py", line 132, in load_core_libraries
    torch.ops.load_library(core_library_path)
    ~~~~~~~~~~~~~~~~~~~~~~^^^^^^^^^^^^^^^^^^^
  File "C:\Users\peang\AppData\Local\Programs\Python\Python314\Lib\site-packages\torch\_ops.py", line 1589, in load_library
    raise OSError(f"Could not load this library: {path}") from e
OSError: Could not load this library: C:\Users\peang\AppData\Local\Programs\Python\Python314\Lib\site-packages\torchcodec\libtorchcodec_core7.dll

FFmpeg version 6:
Traceback (most recent call last):
  File "C:\Users\peang\AppData\Local\Programs\Python\Python314\Lib\site-packages\torch\_ops.py", line 1587, in load_library
    ctypes.CDLL(path)
    ~~~~~~~~~~~^^^^^^
  File "C:\Users\peang\AppData\Local\Programs\Python\Python314\Lib\ctypes\__init__.py", line 462, in __init__
    self._handle = _dlopen(self._name, mode)
                   ~~~~~~~^^^^^^^^^^^^^^^^^^
FileNotFoundError: Could not find module 'C:\Users\peang\AppData\Local\Programs\Python\Python314\Lib\site-packages\torchcodec\libtorchcodec_core6.dll' (or one of its dependencies). Try using the full path with constructor syntax.

The above exception was the direct cause of the following exception:

Traceback (most recent call last):
  File "C:\Users\peang\AppData\Local\Programs\Python\Python314\Lib\site-packages\torchcodec\_internally_replaced_utils.py", line 132, in load_core_libraries
    torch.ops.load_library(core_library_path)
    ~~~~~~~~~~~~~~~~~~~~~~^^^^^^^^^^^^^^^^^^^
  File "C:\Users\peang\AppData\Local\Programs\Python\Python314\Lib\site-packages\torch\_ops.py", line 1589, in load_library
    raise OSError(f"Could not load this library: {path}") from e
OSError: Could not load this library: C:\Users\peang\AppData\Local\Programs\Python\Python314\Lib\site-packages\torchcodec\libtorchcodec_core6.dll

FFmpeg version 5:
Traceback (most recent call last):
  File "C:\Users\peang\AppData\Local\Programs\Python\Python314\Lib\site-packages\torch\_ops.py", line 1587, in load_library
    ctypes.CDLL(path)
    ~~~~~~~~~~~^^^^^^
  File "C:\Users\peang\AppData\Local\Programs\Python\Python314\Lib\ctypes\__init__.py", line 462, in __init__
    self._handle = _dlopen(self._name, mode)
                   ~~~~~~~^^^^^^^^^^^^^^^^^^
FileNotFoundError: Could not find module 'C:\Users\peang\AppData\Local\Programs\Python\Python314\Lib\site-packages\torchcodec\libtorchcodec_core5.dll' (or one of its dependencies). Try using the full path with constructor syntax.

The above exception was the direct cause of the following exception:

Traceback (most recent call last):
  File "C:\Users\peang\AppData\Local\Programs\Python\Python314\Lib\site-packages\torchcodec\_internally_replaced_utils.py", line 132, in load_core_libraries
    torch.ops.load_library(core_library_path)
    ~~~~~~~~~~~~~~~~~~~~~~^^^^^^^^^^^^^^^^^^^
  File "C:\Users\peang\AppData\Local\Programs\Python\Python314\Lib\site-packages\torch\_ops.py", line 1589, in load_library
    raise OSError(f"Could not load this library: {path}") from e
OSError: Could not load this library: C:\Users\peang\AppData\Local\Programs\Python\Python314\Lib\site-packages\torchcodec\libtorchcodec_core5.dll

FFmpeg version 4:
Traceback (most recent call last):
  File "C:\Users\peang\AppData\Local\Programs\Python\Python314\Lib\site-packages\torch\_ops.py", line 1587, in load_library
    ctypes.CDLL(path)
    ~~~~~~~~~~~^^^^^^
  File "C:\Users\peang\AppData\Local\Programs\Python\Python314\Lib\ctypes\__init__.py", line 462, in __init__
    self._handle = _dlopen(self._name, mode)
                   ~~~~~~~^^^^^^^^^^^^^^^^^^
FileNotFoundError: Could not find module 'C:\Users\peang\AppData\Local\Programs\Python\Python314\Lib\site-packages\torchcodec\libtorchcodec_core4.dll' (or one of its dependencies). Try using the full path with constructor syntax.

The above exception was the direct cause of the following exception:

Traceback (most recent call last):
  File "C:\Users\peang\AppData\Local\Programs\Python\Python314\Lib\site-packages\torchcodec\_internally_replaced_utils.py", line 132, in load_core_libraries
    torch.ops.load_library(core_library_path)
    ~~~~~~~~~~~~~~~~~~~~~~^^^^^^^^^^^^^^^^^^^
  File "C:\Users\peang\AppData\Local\Programs\Python\Python314\Lib\site-packages\torch\_ops.py", line 1589, in load_library
    raise OSError(f"Could not load this library: {path}") from e
OSError: Could not load this library: C:\Users\peang\AppData\Local\Programs\Python\Python314\Lib\site-packages\torchcodec\libtorchcodec_core4.dll
[end of libtorchcodec loading traceback].

The above exception was the direct cause of the following exception:

Traceback (most recent call last):
  File "C:\Users\peang\Downloads\The-GREAT-SAGE-OPTIMIZED-v4\fullopt\great_sage\server.py", line 860, in _handle_chat
    voice.speak(cap_for_speech(speakable("".join(reply_chunks))))
    ~~~~~~~~~~~^^^^^^^^^^^^^^^^^^^^^^^^^^^^^^^^^^^^^^^^^^^^^^^^^^
  File "C:\Users\peang\Downloads\The-GREAT-SAGE-OPTIMIZED-v4\fullopt\great_sage\voice\f5_tts_engine.py", line 582, in speak
    self._speak_tts_segment(payload)
    ~~~~~~~~~~~~~~~~~~~~~~~^^^^^^^^^
  File "C:\Users\peang\Downloads\The-GREAT-SAGE-OPTIMIZED-v4\fullopt\great_sage\voice\f5_tts_engine.py", line 486, in _speak_tts_segment
    samples, rate = self.generate(spoken)
                    ~~~~~~~~~~~~~^^^^^^^^
  File "C:\Users\peang\Downloads\The-GREAT-SAGE-OPTIMIZED-v4\fullopt\great_sage\voice\f5_tts_engine.py", line 415, in generate
    wav, rate = self._generate_once(pieces[0])
                ~~~~~~~~~~~~~~~~~~~^^^^^^^^^^^
  File "C:\Users\peang\Downloads\The-GREAT-SAGE-OPTIMIZED-v4\fullopt\great_sage\voice\f5_tts_engine.py", line 394, in _generate_once
    raise VoiceError(f"F5-TTS synthesis failed: {exc}") from exc
great_sage.voice.base.VoiceError: F5-TTS synthesis failed: Failed to create AudioDecoder for C:\Users\peang\AppData\Local\Temp\tmpwwnr5q7d.wav: Could not load libtorchcodec. Likely causes:
          1. FFmpeg is not properly installed in your environment. We support
             versions 4, 5, 6, 7, 8, and 9, and we attempt to load libtorchcodec
             for each of those versions. Errors for versions not installed on
             your system are expected; only the error for your installed FFmpeg
             version is relevant. On Windows, ensure you've installed the
             "full-shared" version which ships DLLs.
          2. The PyTorch version (2.14.0+cu130) is not compatible with
             this version of TorchCodec. Refer to the version compatibility
             table:
             https://github.com/pytorch/torchcodec?tab=readme-ov-file#installing-torchcodec.
          3. Another runtime dependency; see exceptions below.

        The following exceptions were raised as we tried to load libtorchcodec:
        
[start of libtorchcodec loading traceback]
FFmpeg version 9:
Traceback (most recent call last):
  File "C:\Users\peang\AppData\Local\Programs\Python\Python314\Lib\site-packages\torch\_ops.py", line 1587, in load_library
    ctypes.CDLL(path)
    ~~~~~~~~~~~^^^^^^
  File "C:\Users\peang\AppData\Local\Programs\Python\Python314\Lib\ctypes\__init__.py", line 462, in __init__
    self._handle = _dlopen(self._name, mode)
                   ~~~~~~~^^^^^^^^^^^^^^^^^^
FileNotFoundError: Could not find module 'C:\Users\peang\AppData\Local\Programs\Python\Python314\Lib\site-packages\torchcodec\libtorchcodec_core9.dll' (or one of its dependencies). Try using the full path with constructor syntax.

The above exception was the direct cause of the following exception:

Traceback (most recent call last):
  File "C:\Users\peang\AppData\Local\Programs\Python\Python314\Lib\site-packages\torchcodec\_internally_replaced_utils.py", line 132, in load_core_libraries
    torch.ops.load_library(core_library_path)
    ~~~~~~~~~~~~~~~~~~~~~~^^^^^^^^^^^^^^^^^^^
  File "C:\Users\peang\AppData\Local\Programs\Python\Python314\Lib\site-packages\torch\_ops.py", line 1589, in load_library
    raise OSError(f"Could not load this library: {path}") from e
OSError: Could not load this library: C:\Users\peang\AppData\Local\Programs\Python\Python314\Lib\site-packages\torchcodec\libtorchcodec_core9.dll

FFmpeg version 8:
Traceback (most recent call last):
  File "C:\Users\peang\AppData\Local\Programs\Python\Python314\Lib\site-packages\torch\_ops.py", line 1587, in load_library
    ctypes.CDLL(path)
    ~~~~~~~~~~~^^^^^^
  File "C:\Users\peang\AppData\Local\Programs\Python\Python314\Lib\ctypes\__init__.py", line 462, in __init__
    self._handle = _dlopen(self._name, mode)
                   ~~~~~~~^^^^^^^^^^^^^^^^^^
FileNotFoundError: Could not find module 'C:\Users\peang\AppData\Local\Programs\Python\Python314\Lib\site-packages\torchcodec\libtorchcodec_core8.dll' (or one of its dependencies). Try using the full path with constructor syntax.

The above exception was the direct cause of the following exception:

Traceback (most recent call last):
  File "C:\Users\peang\AppData\Local\Programs\Python\Python314\Lib\site-packages\torchcodec\_internally_replaced_utils.py", line 132, in load_core_libraries
    torch.ops.load_library(core_library_path)
    ~~~~~~~~~~~~~~~~~~~~~~^^^^^^^^^^^^^^^^^^^
  File "C:\Users\peang\AppData\Local\Programs\Python\Python314\Lib\site-packages\torch\_ops.py", line 1589, in load_library
    raise OSError(f"Could not load this library: {path}") from e
OSError: Could not load this library: C:\Users\peang\AppData\Local\Programs\Python\Python314\Lib\site-packages\torchcodec\libtorchcodec_core8.dll

FFmpeg version 7:
Traceback (most recent call last):
  File "C:\Users\peang\AppData\Local\Programs\Python\Python314\Lib\site-packages\torch\_ops.py", line 1587, in load_library
    ctypes.CDLL(path)
    ~~~~~~~~~~~^^^^^^
  File "C:\Users\peang\AppData\Local\Programs\Python\Python314\Lib\ctypes\__init__.py", line 462, in __init__
    self._handle = _dlopen(self._name, mode)
                   ~~~~~~~^^^^^^^^^^^^^^^^^^
FileNotFoundError: Could not find module 'C:\Users\peang\AppData\Local\Programs\Python\Python314\Lib\site-packages\torchcodec\libtorchcodec_core7.dll' (or one of its dependencies). Try using the full path with constructor syntax.

The above exception was the direct cause of the following exception:

Traceback (most recent call last):
  File "C:\Users\peang\AppData\Local\Programs\Python\Python314\Lib\site-packages\torchcodec\_internally_replaced_utils.py", line 132, in load_core_libraries
    torch.ops.load_library(core_library_path)
    ~~~~~~~~~~~~~~~~~~~~~~^^^^^^^^^^^^^^^^^^^
  File "C:\Users\peang\AppData\Local\Programs\Python\Python314\Lib\site-packages\torch\_ops.py", line 1589, in load_library
    raise OSError(f"Could not load this library: {path}") from e
OSError: Could not load this library: C:\Users\peang\AppData\Local\Programs\Python\Python314\Lib\site-packages\torchcodec\libtorchcodec_core7.dll

FFmpeg version 6:
Traceback (most recent call last):
  File "C:\Users\peang\AppData\Local\Programs\Python\Python314\Lib\site-packages\torch\_ops.py", line 1587, in load_library
    ctypes.CDLL(path)
    ~~~~~~~~~~~^^^^^^
  File "C:\Users\peang\AppData\Local\Programs\Python\Python314\Lib\ctypes\__init__.py", line 462, in __init__
    self._handle = _dlopen(self._name, mode)
                   ~~~~~~~^^^^^^^^^^^^^^^^^^
FileNotFoundError: Could not find module 'C:\Users\peang\AppData\Local\Programs\Python\Python314\Lib\site-packages\torchcodec\libtorchcodec_core6.dll' (or one of its dependencies). Try using the full path with constructor syntax.

The above exception was the direct cause of the following exception:

Traceback (most recent call last):
  File "C:\Users\peang\AppData\Local\Programs\Python\Python314\Lib\site-packages\torchcodec\_internally_replaced_utils.py", line 132, in load_core_libraries
    torch.ops.load_library(core_library_path)
    ~~~~~~~~~~~~~~~~~~~~~~^^^^^^^^^^^^^^^^^^^
  File "C:\Users\peang\AppData\Local\Programs\Python\Python314\Lib\site-packages\torch\_ops.py", line 1589, in load_library
    raise OSError(f"Could not load this library: {path}") from e
OSError: Could not load this library: C:\Users\peang\AppData\Local\Programs\Python\Python314\Lib\site-packages\torchcodec\libtorchcodec_core6.dll

FFmpeg version 5:
Traceback (most recent call last):
  File "C:\Users\peang\AppData\Local\Programs\Python\Python314\Lib\site-packages\torch\_ops.py", line 1587, in load_library
    ctypes.CDLL(path)
    ~~~~~~~~~~~^^^^^^
  File "C:\Users\peang\AppData\Local\Programs\Python\Python314\Lib\ctypes\__init__.py", line 462, in __init__
    self._handle = _dlopen(self._name, mode)
                   ~~~~~~~^^^^^^^^^^^^^^^^^^
FileNotFoundError: Could not find module 'C:\Users\peang\AppData\Local\Programs\Python\Python314\Lib\site-packages\torchcodec\libtorchcodec_core5.dll' (or one of its dependencies). Try using the full path with constructor syntax.

The above exception was the direct cause of the following exception:

Traceback (most recent call last):
  File "C:\Users\peang\AppData\Local\Programs\Python\Python314\Lib\site-packages\torchcodec\_internally_replaced_utils.py", line 132, in load_core_libraries
    torch.ops.load_library(core_library_path)
    ~~~~~~~~~~~~~~~~~~~~~~^^^^^^^^^^^^^^^^^^^
  File "C:\Users\peang\AppData\Local\Programs\Python\Python314\Lib\site-packages\torch\_ops.py", line 1589, in load_library
    raise OSError(f"Could not load this library: {path}") from e
OSError: Could not load this library: C:\Users\peang\AppData\Local\Programs\Python\Python314\Lib\site-packages\torchcodec\libtorchcodec_core5.dll

FFmpeg version 4:
Traceback (most recent call last):
  File "C:\Users\peang\AppData\Local\Programs\Python\Python314\Lib\site-packages\torch\_ops.py", line 1587, in load_library
    ctypes.CDLL(path)
    ~~~~~~~~~~~^^^^^^
  File "C:\Users\peang\AppData\Local\Programs\Python\Python314\Lib\ctypes\__init__.py", line 462, in __init__
    self._handle = _dlopen(self._name, mode)
                   ~~~~~~~^^^^^^^^^^^^^^^^^^
FileNotFoundError: Could not find module 'C:\Users\peang\AppData\Local\Programs\Python\Python314\Lib\site-packages\torchcodec\libtorchcodec_core4.dll' (or one of its dependencies). Try using the full path with constructor syntax.

The above exception was the direct cause of the following exception:

Traceback (most recent call last):
  File "C:\Users\peang\AppData\Local\Programs\Python\Python314\Lib\site-packages\torchcodec\_internally_replaced_utils.py", line 132, in load_core_libraries
    torch.ops.load_library(core_library_path)
    ~~~~~~~~~~~~~~~~~~~~~~^^^^^^^^^^^^^^^^^^^
  File "C:\Users\peang\AppData\Local\Programs\Python\Python314\Lib\site-packages\torch\_ops.py", line 1589, in load_library
    raise OSError(f"Could not load this library: {path}") from e
OSError: Could not load this library: C:\Users\peang\AppData\Local\Programs\Python\Python314\Lib\site-packages\torchcodec\libtorchcodec_core4.dll
[end of libtorchcodec loading traceback].
2026-09-26 12:36:38,224 [INFO] great_sage.core.metrics: timing C'est ça ? | first_token=2.39s  text_done=2.49s  total=3.34s
2026-09-26 12:37:06,881 [ERROR] great_sage.server: Voice/audio error speaking reply to 'parle francais stp'
Traceback (most recent call last):
  File "C:\Users\peang\AppData\Local\Programs\Python\Python314\Lib\site-packages\torchaudio\_torchcodec.py", line 116, in load_with_torchcodec
    decoder = AudioDecoder(uri)
  File "C:\Users\peang\AppData\Local\Programs\Python\Python314\Lib\site-packages\torchcodec\decoders\_audio_decoder.py", line 73, in __init__
    ) = create_audio_decoder(
        ~~~~~~~~~~~~~~~~~~~~^
        source=source,
        ^^^^^^^^^^^^^^
    ...<3 lines>...
        num_channels=num_channels,
        ^^^^^^^^^^^^^^^^^^^^^^^^^^
    )
    ^
  File "C:\Users\peang\AppData\Local\Programs\Python\Python314\Lib\site-packages\torchcodec\_core\_decoder_utils.py", line 81, in create_audio_decoder
    decoder = create_decoder(source=source, seek_mode=seek_mode)
  File "C:\Users\peang\AppData\Local\Programs\Python\Python314\Lib\site-packages\torchcodec\_core\_decoder_utils.py", line 46, in create_decoder
    load_core_libraries()
    ~~~~~~~~~~~~~~~~~~~^^
  File "C:\Users\peang\AppData\Local\Programs\Python\Python314\Lib\site-packages\torchcodec\_internally_replaced_utils.py", line 145, in load_core_libraries
    raise RuntimeError(
    ...<16 lines>...
    )
RuntimeError: Could not load libtorchcodec. Likely causes:
          1. FFmpeg is not properly installed in your environment. We support
             versions 4, 5, 6, 7, 8, and 9, and we attempt to load libtorchcodec
             for each of those versions. Errors for versions not installed on
             your system are expected; only the error for your installed FFmpeg
             version is relevant. On Windows, ensure you've installed the
             "full-shared" version which ships DLLs.
          2. The PyTorch version (2.14.0+cu130) is not compatible with
             this version of TorchCodec. Refer to the version compatibility
             table:
             https://github.com/pytorch/torchcodec?tab=readme-ov-file#installing-torchcodec.
          3. Another runtime dependency; see exceptions below.

        The following exceptions were raised as we tried to load libtorchcodec:
        
[start of libtorchcodec loading traceback]
FFmpeg version 9:
Traceback (most recent call last):
  File "C:\Users\peang\AppData\Local\Programs\Python\Python314\Lib\site-packages\torch\_ops.py", line 1587, in load_library
    ctypes.CDLL(path)
    ~~~~~~~~~~~^^^^^^
  File "C:\Users\peang\AppData\Local\Programs\Python\Python314\Lib\ctypes\__init__.py", line 462, in __init__
    self._handle = _dlopen(self._name, mode)
                   ~~~~~~~^^^^^^^^^^^^^^^^^^
FileNotFoundError: Could not find module 'C:\Users\peang\AppData\Local\Programs\Python\Python314\Lib\site-packages\torchcodec\libtorchcodec_core9.dll' (or one of its dependencies). Try using the full path with constructor syntax.

The above exception was the direct cause of the following exception:

Traceback (most recent call last):
  File "C:\Users\peang\AppData\Local\Programs\Python\Python314\Lib\site-packages\torchcodec\_internally_replaced_utils.py", line 132, in load_core_libraries
    torch.ops.load_library(core_library_path)
    ~~~~~~~~~~~~~~~~~~~~~~^^^^^^^^^^^^^^^^^^^
  File "C:\Users\peang\AppData\Local\Programs\Python\Python314\Lib\site-packages\torch\_ops.py", line 1589, in load_library
    raise OSError(f"Could not load this library: {path}") from e
OSError: Could not load this library: C:\Users\peang\AppData\Local\Programs\Python\Python314\Lib\site-packages\torchcodec\libtorchcodec_core9.dll

FFmpeg version 8:
Traceback (most recent call last):
  File "C:\Users\peang\AppData\Local\Programs\Python\Python314\Lib\site-packages\torch\_ops.py", line 1587, in load_library
    ctypes.CDLL(path)
    ~~~~~~~~~~~^^^^^^
  File "C:\Users\peang\AppData\Local\Programs\Python\Python314\Lib\ctypes\__init__.py", line 462, in __init__
    self._handle = _dlopen(self._name, mode)
                   ~~~~~~~^^^^^^^^^^^^^^^^^^
FileNotFoundError: Could not find module 'C:\Users\peang\AppData\Local\Programs\Python\Python314\Lib\site-packages\torchcodec\libtorchcodec_core8.dll' (or one of its dependencies). Try using the full path with constructor syntax.

The above exception was the direct cause of the following exception:

Traceback (most recent call last):
  File "C:\Users\peang\AppData\Local\Programs\Python\Python314\Lib\site-packages\torchcodec\_internally_replaced_utils.py", line 132, in load_core_libraries
    torch.ops.load_library(core_library_path)
    ~~~~~~~~~~~~~~~~~~~~~~^^^^^^^^^^^^^^^^^^^
  File "C:\Users\peang\AppData\Local\Programs\Python\Python314\Lib\site-packages\torch\_ops.py", line 1589, in load_library
    raise OSError(f"Could not load this library: {path}") from e
OSError: Could not load this library: C:\Users\peang\AppData\Local\Programs\Python\Python314\Lib\site-packages\torchcodec\libtorchcodec_core8.dll

FFmpeg version 7:
Traceback (most recent call last):
  File "C:\Users\peang\AppData\Local\Programs\Python\Python314\Lib\site-packages\torch\_ops.py", line 1587, in load_library
    ctypes.CDLL(path)
    ~~~~~~~~~~~^^^^^^
  File "C:\Users\peang\AppData\Local\Programs\Python\Python314\Lib\ctypes\__init__.py", line 462, in __init__
    self._handle = _dlopen(self._name, mode)
                   ~~~~~~~^^^^^^^^^^^^^^^^^^
FileNotFoundError: Could not find module 'C:\Users\peang\AppData\Local\Programs\Python\Python314\Lib\site-packages\torchcodec\libtorchcodec_core7.dll' (or one of its dependencies). Try using the full path with constructor syntax.

The above exception was the direct cause of the following exception:

Traceback (most recent call last):
  File "C:\Users\peang\AppData\Local\Programs\Python\Python314\Lib\site-packages\torchcodec\_internally_replaced_utils.py", line 132, in load_core_libraries
    torch.ops.load_library(core_library_path)
    ~~~~~~~~~~~~~~~~~~~~~~^^^^^^^^^^^^^^^^^^^
  File "C:\Users\peang\AppData\Local\Programs\Python\Python314\Lib\site-packages\torch\_ops.py", line 1589, in load_library
    raise OSError(f"Could not load this library: {path}") from e
OSError: Could not load this library: C:\Users\peang\AppData\Local\Programs\Python\Python314\Lib\site-packages\torchcodec\libtorchcodec_core7.dll

FFmpeg version 6:
Traceback (most recent call last):
  File "C:\Users\peang\AppData\Local\Programs\Python\Python314\Lib\site-packages\torch\_ops.py", line 1587, in load_library
    ctypes.CDLL(path)
    ~~~~~~~~~~~^^^^^^
  File "C:\Users\peang\AppData\Local\Programs\Python\Python314\Lib\ctypes\__init__.py", line 462, in __init__
    self._handle = _dlopen(self._name, mode)
                   ~~~~~~~^^^^^^^^^^^^^^^^^^
FileNotFoundError: Could not find module 'C:\Users\peang\AppData\Local\Programs\Python\Python314\Lib\site-packages\torchcodec\libtorchcodec_core6.dll' (or one of its dependencies). Try using the full path with constructor syntax.

The above exception was the direct cause of the following exception:

Traceback (most recent call last):
  File "C:\Users\peang\AppData\Local\Programs\Python\Python314\Lib\site-packages\torchcodec\_internally_replaced_utils.py", line 132, in load_core_libraries
    torch.ops.load_library(core_library_path)
    ~~~~~~~~~~~~~~~~~~~~~~^^^^^^^^^^^^^^^^^^^
  File "C:\Users\peang\AppData\Local\Programs\Python\Python314\Lib\site-packages\torch\_ops.py", line 1589, in load_library
    raise OSError(f"Could not load this library: {path}") from e
OSError: Could not load this library: C:\Users\peang\AppData\Local\Programs\Python\Python314\Lib\site-packages\torchcodec\libtorchcodec_core6.dll

FFmpeg version 5:
Traceback (most recent call last):
  File "C:\Users\peang\AppData\Local\Programs\Python\Python314\Lib\site-packages\torch\_ops.py", line 1587, in load_library
    ctypes.CDLL(path)
    ~~~~~~~~~~~^^^^^^
  File "C:\Users\peang\AppData\Local\Programs\Python\Python314\Lib\ctypes\__init__.py", line 462, in __init__
    self._handle = _dlopen(self._name, mode)
                   ~~~~~~~^^^^^^^^^^^^^^^^^^
FileNotFoundError: Could not find module 'C:\Users\peang\AppData\Local\Programs\Python\Python314\Lib\site-packages\torchcodec\libtorchcodec_core5.dll' (or one of its dependencies). Try using the full path with constructor syntax.

The above exception was the direct cause of the following exception:

Traceback (most recent call last):
  File "C:\Users\peang\AppData\Local\Programs\Python\Python314\Lib\site-packages\torchcodec\_internally_replaced_utils.py", line 132, in load_core_libraries
    torch.ops.load_library(core_library_path)
    ~~~~~~~~~~~~~~~~~~~~~~^^^^^^^^^^^^^^^^^^^
  File "C:\Users\peang\AppData\Local\Programs\Python\Python314\Lib\site-packages\torch\_ops.py", line 1589, in load_library
    raise OSError(f"Could not load this library: {path}") from e
OSError: Could not load this library: C:\Users\peang\AppData\Local\Programs\Python\Python314\Lib\site-packages\torchcodec\libtorchcodec_core5.dll

FFmpeg version 4:
Traceback (most recent call last):
  File "C:\Users\peang\AppData\Local\Programs\Python\Python314\Lib\site-packages\torch\_ops.py", line 1587, in load_library
    ctypes.CDLL(path)
    ~~~~~~~~~~~^^^^^^
  File "C:\Users\peang\AppData\Local\Programs\Python\Python314\Lib\ctypes\__init__.py", line 462, in __init__
    self._handle = _dlopen(self._name, mode)
                   ~~~~~~~^^^^^^^^^^^^^^^^^^
FileNotFoundError: Could not find module 'C:\Users\peang\AppData\Local\Programs\Python\Python314\Lib\site-packages\torchcodec\libtorchcodec_core4.dll' (or one of its dependencies). Try using the full path with constructor syntax.

The above exception was the direct cause of the following exception:

Traceback (most recent call last):
  File "C:\Users\peang\AppData\Local\Programs\Python\Python314\Lib\site-packages\torchcodec\_internally_replaced_utils.py", line 132, in load_core_libraries
    torch.ops.load_library(core_library_path)
    ~~~~~~~~~~~~~~~~~~~~~~^^^^^^^^^^^^^^^^^^^
  File "C:\Users\peang\AppData\Local\Programs\Python\Python314\Lib\site-packages\torch\_ops.py", line 1589, in load_library
    raise OSError(f"Could not load this library: {path}") from e
OSError: Could not load this library: C:\Users\peang\AppData\Local\Programs\Python\Python314\Lib\site-packages\torchcodec\libtorchcodec_core4.dll
[end of libtorchcodec loading traceback].

The above exception was the direct cause of the following exception:

Traceback (most recent call last):
  File "C:\Users\peang\Downloads\The-GREAT-SAGE-OPTIMIZED-v4\fullopt\great_sage\voice\f5_tts_engine.py", line 385, in _generate_once
    wav, sample_rate, _ = self._infer_process(
                          ~~~~~~~~~~~~~~~~~~~^
        ref_audio, ref_text, text,
        ^^^^^^^^^^^^^^^^^^^^^^^^^^
    ...<4 lines>...
        device=self._api.device,
        ^^^^^^^^^^^^^^^^^^^^^^^^
    )
    ^
  File "C:\Users\peang\AppData\Local\Programs\Python\Python314\Lib\site-packages\f5_tts\infer\utils_infer.py", line 403, in infer_process
    audio, sr = torchaudio.load(ref_audio)
                ~~~~~~~~~~~~~~~^^^^^^^^^^^
  File "C:\Users\peang\AppData\Local\Programs\Python\Python314\Lib\site-packages\torchaudio\__init__.py", line 86, in load
    return load_with_torchcodec(
        uri,
    ...<6 lines>...
        backend=backend,
    )
  File "C:\Users\peang\AppData\Local\Programs\Python\Python314\Lib\site-packages\torchaudio\_torchcodec.py", line 118, in load_with_torchcodec
    raise RuntimeError(f"Failed to create AudioDecoder for {uri}: {e}") from e
RuntimeError: Failed to create AudioDecoder for C:\Users\peang\AppData\Local\Temp\tmpwwnr5q7d.wav: Could not load libtorchcodec. Likely causes:
          1. FFmpeg is not properly installed in your environment. We support
             versions 4, 5, 6, 7, 8, and 9, and we attempt to load libtorchcodec
             for each of those versions. Errors for versions not installed on
             your system are expected; only the error for your installed FFmpeg
             version is relevant. On Windows, ensure you've installed the
             "full-shared" version which ships DLLs.
          2. The PyTorch version (2.14.0+cu130) is not compatible with
             this version of TorchCodec. Refer to the version compatibility
             table:
             https://github.com/pytorch/torchcodec?tab=readme-ov-file#installing-torchcodec.
          3. Another runtime dependency; see exceptions below.

        The following exceptions were raised as we tried to load libtorchcodec:
        
[start of libtorchcodec loading traceback]
FFmpeg version 9:
Traceback (most recent call last):
  File "C:\Users\peang\AppData\Local\Programs\Python\Python314\Lib\site-packages\torch\_ops.py", line 1587, in load_library
    ctypes.CDLL(path)
    ~~~~~~~~~~~^^^^^^
  File "C:\Users\peang\AppData\Local\Programs\Python\Python314\Lib\ctypes\__init__.py", line 462, in __init__
    self._handle = _dlopen(self._name, mode)
                   ~~~~~~~^^^^^^^^^^^^^^^^^^
FileNotFoundError: Could not find module 'C:\Users\peang\AppData\Local\Programs\Python\Python314\Lib\site-packages\torchcodec\libtorchcodec_core9.dll' (or one of its dependencies). Try using the full path with constructor syntax.

The above exception was the direct cause of the following exception:

Traceback (most recent call last):
  File "C:\Users\peang\AppData\Local\Programs\Python\Python314\Lib\site-packages\torchcodec\_internally_replaced_utils.py", line 132, in load_core_libraries
    torch.ops.load_library(core_library_path)
    ~~~~~~~~~~~~~~~~~~~~~~^^^^^^^^^^^^^^^^^^^
  File "C:\Users\peang\AppData\Local\Programs\Python\Python314\Lib\site-packages\torch\_ops.py", line 1589, in load_library
    raise OSError(f"Could not load this library: {path}") from e
OSError: Could not load this library: C:\Users\peang\AppData\Local\Programs\Python\Python314\Lib\site-packages\torchcodec\libtorchcodec_core9.dll

FFmpeg version 8:
Traceback (most recent call last):
  File "C:\Users\peang\AppData\Local\Programs\Python\Python314\Lib\site-packages\torch\_ops.py", line 1587, in load_library
    ctypes.CDLL(path)
    ~~~~~~~~~~~^^^^^^
  File "C:\Users\peang\AppData\Local\Programs\Python\Python314\Lib\ctypes\__init__.py", line 462, in __init__
    self._handle = _dlopen(self._name, mode)
                   ~~~~~~~^^^^^^^^^^^^^^^^^^
FileNotFoundError: Could not find module 'C:\Users\peang\AppData\Local\Programs\Python\Python314\Lib\site-packages\torchcodec\libtorchcodec_core8.dll' (or one of its dependencies). Try using the full path with constructor syntax.

The above exception was the direct cause of the following exception:

Traceback (most recent call last):
  File "C:\Users\peang\AppData\Local\Programs\Python\Python314\Lib\site-packages\torchcodec\_internally_replaced_utils.py", line 132, in load_core_libraries
    torch.ops.load_library(core_library_path)
    ~~~~~~~~~~~~~~~~~~~~~~^^^^^^^^^^^^^^^^^^^
  File "C:\Users\peang\AppData\Local\Programs\Python\Python314\Lib\site-packages\torch\_ops.py", line 1589, in load_library
    raise OSError(f"Could not load this library: {path}") from e
OSError: Could not load this library: C:\Users\peang\AppData\Local\Programs\Python\Python314\Lib\site-packages\torchcodec\libtorchcodec_core8.dll

FFmpeg version 7:
Traceback (most recent call last):
  File "C:\Users\peang\AppData\Local\Programs\Python\Python314\Lib\site-packages\torch\_ops.py", line 1587, in load_library
    ctypes.CDLL(path)
    ~~~~~~~~~~~^^^^^^
  File "C:\Users\peang\AppData\Local\Programs\Python\Python314\Lib\ctypes\__init__.py", line 462, in __init__
    self._handle = _dlopen(self._name, mode)
                   ~~~~~~~^^^^^^^^^^^^^^^^^^
FileNotFoundError: Could not find module 'C:\Users\peang\AppData\Local\Programs\Python\Python314\Lib\site-packages\torchcodec\libtorchcodec_core7.dll' (or one of its dependencies). Try using the full path with constructor syntax.

The above exception was the direct cause of the following exception:

Traceback (most recent call last):
  File "C:\Users\peang\AppData\Local\Programs\Python\Python314\Lib\site-packages\torchcodec\_internally_replaced_utils.py", line 132, in load_core_libraries
    torch.ops.load_library(core_library_path)
    ~~~~~~~~~~~~~~~~~~~~~~^^^^^^^^^^^^^^^^^^^
  File "C:\Users\peang\AppData\Local\Programs\Python\Python314\Lib\site-packages\torch\_ops.py", line 1589, in load_library
    raise OSError(f"Could not load this library: {path}") from e
OSError: Could not load this library: C:\Users\peang\AppData\Local\Programs\Python\Python314\Lib\site-packages\torchcodec\libtorchcodec_core7.dll

FFmpeg version 6:
Traceback (most recent call last):
  File "C:\Users\peang\AppData\Local\Programs\Python\Python314\Lib\site-packages\torch\_ops.py", line 1587, in load_library
    ctypes.CDLL(path)
    ~~~~~~~~~~~^^^^^^
  File "C:\Users\peang\AppData\Local\Programs\Python\Python314\Lib\ctypes\__init__.py", line 462, in __init__
    self._handle = _dlopen(self._name, mode)
                   ~~~~~~~^^^^^^^^^^^^^^^^^^
FileNotFoundError: Could not find module 'C:\Users\peang\AppData\Local\Programs\Python\Python314\Lib\site-packages\torchcodec\libtorchcodec_core6.dll' (or one of its dependencies). Try using the full path with constructor syntax.

The above exception was the direct cause of the following exception:

Traceback (most recent call last):
  File "C:\Users\peang\AppData\Local\Programs\Python\Python314\Lib\site-packages\torchcodec\_internally_replaced_utils.py", line 132, in load_core_libraries
    torch.ops.load_library(core_library_path)
    ~~~~~~~~~~~~~~~~~~~~~~^^^^^^^^^^^^^^^^^^^
  File "C:\Users\peang\AppData\Local\Programs\Python\Python314\Lib\site-packages\torch\_ops.py", line 1589, in load_library
    raise OSError(f"Could not load this library: {path}") from e
OSError: Could not load this library: C:\Users\peang\AppData\Local\Programs\Python\Python314\Lib\site-packages\torchcodec\libtorchcodec_core6.dll

FFmpeg version 5:
Traceback (most recent call last):
  File "C:\Users\peang\AppData\Local\Programs\Python\Python314\Lib\site-packages\torch\_ops.py", line 1587, in load_library
    ctypes.CDLL(path)
    ~~~~~~~~~~~^^^^^^
  File "C:\Users\peang\AppData\Local\Programs\Python\Python314\Lib\ctypes\__init__.py", line 462, in __init__
    self._handle = _dlopen(self._name, mode)
                   ~~~~~~~^^^^^^^^^^^^^^^^^^
FileNotFoundError: Could not find module 'C:\Users\peang\AppData\Local\Programs\Python\Python314\Lib\site-packages\torchcodec\libtorchcodec_core5.dll' (or one of its dependencies). Try using the full path with constructor syntax.

The above exception was the direct cause of the following exception:

Traceback (most recent call last):
  File "C:\Users\peang\AppData\Local\Programs\Python\Python314\Lib\site-packages\torchcodec\_internally_replaced_utils.py", line 132, in load_core_libraries
    torch.ops.load_library(core_library_path)
    ~~~~~~~~~~~~~~~~~~~~~~^^^^^^^^^^^^^^^^^^^
  File "C:\Users\peang\AppData\Local\Programs\Python\Python314\Lib\site-packages\torch\_ops.py", line 1589, in load_library
    raise OSError(f"Could not load this library: {path}") from e
OSError: Could not load this library: C:\Users\peang\AppData\Local\Programs\Python\Python314\Lib\site-packages\torchcodec\libtorchcodec_core5.dll

FFmpeg version 4:
Traceback (most recent call last):
  File "C:\Users\peang\AppData\Local\Programs\Python\Python314\Lib\site-packages\torch\_ops.py", line 1587, in load_library
    ctypes.CDLL(path)
    ~~~~~~~~~~~^^^^^^
  File "C:\Users\peang\AppData\Local\Programs\Python\Python314\Lib\ctypes\__init__.py", line 462, in __init__
    self._handle = _dlopen(self._name, mode)
                   ~~~~~~~^^^^^^^^^^^^^^^^^^
FileNotFoundError: Could not find module 'C:\Users\peang\AppData\Local\Programs\Python\Python314\Lib\site-packages\torchcodec\libtorchcodec_core4.dll' (or one of its dependencies). Try using the full path with constructor syntax.

The above exception was the direct cause of the following exception:

Traceback (most recent call last):
  File "C:\Users\peang\AppData\Local\Programs\Python\Python314\Lib\site-packages\torchcodec\_internally_replaced_utils.py", line 132, in load_core_libraries
    torch.ops.load_library(core_library_path)
    ~~~~~~~~~~~~~~~~~~~~~~^^^^^^^^^^^^^^^^^^^
  File "C:\Users\peang\AppData\Local\Programs\Python\Python314\Lib\site-packages\torch\_ops.py", line 1589, in load_library
    raise OSError(f"Could not load this library: {path}") from e
OSError: Could not load this library: C:\Users\peang\AppData\Local\Programs\Python\Python314\Lib\site-packages\torchcodec\libtorchcodec_core4.dll
[end of libtorchcodec loading traceback].

The above exception was the direct cause of the following exception:

Traceback (most recent call last):
  File "C:\Users\peang\Downloads\The-GREAT-SAGE-OPTIMIZED-v4\fullopt\great_sage\server.py", line 860, in _handle_chat
    voice.speak(cap_for_speech(speakable("".join(reply_chunks))))
    ~~~~~~~~~~~^^^^^^^^^^^^^^^^^^^^^^^^^^^^^^^^^^^^^^^^^^^^^^^^^^
  File "C:\Users\peang\Downloads\The-GREAT-SAGE-OPTIMIZED-v4\fullopt\great_sage\voice\f5_tts_engine.py", line 582, in speak
    self._speak_tts_segment(payload)
    ~~~~~~~~~~~~~~~~~~~~~~~^^^^^^^^^
  File "C:\Users\peang\Downloads\The-GREAT-SAGE-OPTIMIZED-v4\fullopt\great_sage\voice\f5_tts_engine.py", line 486, in _speak_tts_segment
    samples, rate = self.generate(spoken)
                    ~~~~~~~~~~~~~^^^^^^^^
  File "C:\Users\peang\Downloads\The-GREAT-SAGE-OPTIMIZED-v4\fullopt\great_sage\voice\f5_tts_engine.py", line 415, in generate
    wav, rate = self._generate_once(pieces[0])
                ~~~~~~~~~~~~~~~~~~~^^^^^^^^^^^
  File "C:\Users\peang\Downloads\The-GREAT-SAGE-OPTIMIZED-v4\fullopt\great_sage\voice\f5_tts_engine.py", line 394, in _generate_once
    raise VoiceError(f"F5-TTS synthesis failed: {exc}") from exc
great_sage.voice.base.VoiceError: F5-TTS synthesis failed: Failed to create AudioDecoder for C:\Users\peang\AppData\Local\Temp\tmpwwnr5q7d.wav: Could not load libtorchcodec. Likely causes:
          1. FFmpeg is not properly installed in your environment. We support
             versions 4, 5, 6, 7, 8, and 9, and we attempt to load libtorchcodec
             for each of those versions. Errors for versions not installed on
             your system are expected; only the error for your installed FFmpeg
             version is relevant. On Windows, ensure you've installed the
             "full-shared" version which ships DLLs.
          2. The PyTorch version (2.14.0+cu130) is not compatible with
             this version of TorchCodec. Refer to the version compatibility
             table:
             https://github.com/pytorch/torchcodec?tab=readme-ov-file#installing-torchcodec.
          3. Another runtime dependency; see exceptions below.

        The following exceptions were raised as we tried to load libtorchcodec:
        
[start of libtorchcodec loading traceback]
FFmpeg version 9:
Traceback (most recent call last):
  File "C:\Users\peang\AppData\Local\Programs\Python\Python314\Lib\site-packages\torch\_ops.py", line 1587, in load_library
    ctypes.CDLL(path)
    ~~~~~~~~~~~^^^^^^
  File "C:\Users\peang\AppData\Local\Programs\Python\Python314\Lib\ctypes\__init__.py", line 462, in __init__
    self._handle = _dlopen(self._name, mode)
                   ~~~~~~~^^^^^^^^^^^^^^^^^^
FileNotFoundError: Could not find module 'C:\Users\peang\AppData\Local\Programs\Python\Python314\Lib\site-packages\torchcodec\libtorchcodec_core9.dll' (or one of its dependencies). Try using the full path with constructor syntax.

The above exception was the direct cause of the following exception:

Traceback (most recent call last):
  File "C:\Users\peang\AppData\Local\Programs\Python\Python314\Lib\site-packages\torchcodec\_internally_replaced_utils.py", line 132, in load_core_libraries
    torch.ops.load_library(core_library_path)
    ~~~~~~~~~~~~~~~~~~~~~~^^^^^^^^^^^^^^^^^^^
  File "C:\Users\peang\AppData\Local\Programs\Python\Python314\Lib\site-packages\torch\_ops.py", line 1589, in load_library
    raise OSError(f"Could not load this library: {path}") from e
OSError: Could not load this library: C:\Users\peang\AppData\Local\Programs\Python\Python314\Lib\site-packages\torchcodec\libtorchcodec_core9.dll

FFmpeg version 8:
Traceback (most recent call last):
  File "C:\Users\peang\AppData\Local\Programs\Python\Python314\Lib\site-packages\torch\_ops.py", line 1587, in load_library
    ctypes.CDLL(path)
    ~~~~~~~~~~~^^^^^^
  File "C:\Users\peang\AppData\Local\Programs\Python\Python314\Lib\ctypes\__init__.py", line 462, in __init__
    self._handle = _dlopen(self._name, mode)
                   ~~~~~~~^^^^^^^^^^^^^^^^^^
FileNotFoundError: Could not find module 'C:\Users\peang\AppData\Local\Programs\Python\Python314\Lib\site-packages\torchcodec\libtorchcodec_core8.dll' (or one of its dependencies). Try using the full path with constructor syntax.

The above exception was the direct cause of the following exception:

Traceback (most recent call last):
  File "C:\Users\peang\AppData\Local\Programs\Python\Python314\Lib\site-packages\torchcodec\_internally_replaced_utils.py", line 132, in load_core_libraries
    torch.ops.load_library(core_library_path)
    ~~~~~~~~~~~~~~~~~~~~~~^^^^^^^^^^^^^^^^^^^
  File "C:\Users\peang\AppData\Local\Programs\Python\Python314\Lib\site-packages\torch\_ops.py", line 1589, in load_library
    raise OSError(f"Could not load this library: {path}") from e
OSError: Could not load this library: C:\Users\peang\AppData\Local\Programs\Python\Python314\Lib\site-packages\torchcodec\libtorchcodec_core8.dll

FFmpeg version 7:
Traceback (most recent call last):
  File "C:\Users\peang\AppData\Local\Programs\Python\Python314\Lib\site-packages\torch\_ops.py", line 1587, in load_library
    ctypes.CDLL(path)
    ~~~~~~~~~~~^^^^^^
  File "C:\Users\peang\AppData\Local\Programs\Python\Python314\Lib\ctypes\__init__.py", line 462, in __init__
    self._handle = _dlopen(self._name, mode)
                   ~~~~~~~^^^^^^^^^^^^^^^^^^
FileNotFoundError: Could not find module 'C:\Users\peang\AppData\Local\Programs\Python\Python314\Lib\site-packages\torchcodec\libtorchcodec_core7.dll' (or one of its dependencies). Try using the full path with constructor syntax.

The above exception was the direct cause of the following exception:

Traceback (most recent call last):
  File "C:\Users\peang\AppData\Local\Programs\Python\Python314\Lib\site-packages\torchcodec\_internally_replaced_utils.py", line 132, in load_core_libraries
    torch.ops.load_library(core_library_path)
    ~~~~~~~~~~~~~~~~~~~~~~^^^^^^^^^^^^^^^^^^^
  File "C:\Users\peang\AppData\Local\Programs\Python\Python314\Lib\site-packages\torch\_ops.py", line 1589, in load_library
    raise OSError(f"Could not load this library: {path}") from e
OSError: Could not load this library: C:\Users\peang\AppData\Local\Programs\Python\Python314\Lib\site-packages\torchcodec\libtorchcodec_core7.dll

FFmpeg version 6:
Traceback (most recent call last):
  File "C:\Users\peang\AppData\Local\Programs\Python\Python314\Lib\site-packages\torch\_ops.py", line 1587, in load_library
    ctypes.CDLL(path)
    ~~~~~~~~~~~^^^^^^
  File "C:\Users\peang\AppData\Local\Programs\Python\Python314\Lib\ctypes\__init__.py", line 462, in __init__
    self._handle = _dlopen(self._name, mode)
                   ~~~~~~~^^^^^^^^^^^^^^^^^^
FileNotFoundError: Could not find module 'C:\Users\peang\AppData\Local\Programs\Python\Python314\Lib\site-packages\torchcodec\libtorchcodec_core6.dll' (or one of its dependencies). Try using the full path with constructor syntax.

The above exception was the direct cause of the following exception:

Traceback (most recent call last):
  File "C:\Users\peang\AppData\Local\Programs\Python\Python314\Lib\site-packages\torchcodec\_internally_replaced_utils.py", line 132, in load_core_libraries
    torch.ops.load_library(core_library_path)
    ~~~~~~~~~~~~~~~~~~~~~~^^^^^^^^^^^^^^^^^^^
  File "C:\Users\peang\AppData\Local\Programs\Python\Python314\Lib\site-packages\torch\_ops.py", line 1589, in load_library
    raise OSError(f"Could not load this library: {path}") from e
OSError: Could not load this library: C:\Users\peang\AppData\Local\Programs\Python\Python314\Lib\site-packages\torchcodec\libtorchcodec_core6.dll

FFmpeg version 5:
Traceback (most recent call last):
  File "C:\Users\peang\AppData\Local\Programs\Python\Python314\Lib\site-packages\torch\_ops.py", line 1587, in load_library
    ctypes.CDLL(path)
    ~~~~~~~~~~~^^^^^^
  File "C:\Users\peang\AppData\Local\Programs\Python\Python314\Lib\ctypes\__init__.py", line 462, in __init__
    self._handle = _dlopen(self._name, mode)
                   ~~~~~~~^^^^^^^^^^^^^^^^^^
FileNotFoundError: Could not find module 'C:\Users\peang\AppData\Local\Programs\Python\Python314\Lib\site-packages\torchcodec\libtorchcodec_core5.dll' (or one of its dependencies). Try using the full path with constructor syntax.

The above exception was the direct cause of the following exception:

Traceback (most recent call last):
  File "C:\Users\peang\AppData\Local\Programs\Python\Python314\Lib\site-packages\torchcodec\_internally_replaced_utils.py", line 132, in load_core_libraries
    torch.ops.load_library(core_library_path)
    ~~~~~~~~~~~~~~~~~~~~~~^^^^^^^^^^^^^^^^^^^
  File "C:\Users\peang\AppData\Local\Programs\Python\Python314\Lib\site-packages\torch\_ops.py", line 1589, in load_library
    raise OSError(f"Could not load this library: {path}") from e
OSError: Could not load this library: C:\Users\peang\AppData\Local\Programs\Python\Python314\Lib\site-packages\torchcodec\libtorchcodec_core5.dll

FFmpeg version 4:
Traceback (most recent call last):
  File "C:\Users\peang\AppData\Local\Programs\Python\Python314\Lib\site-packages\torch\_ops.py", line 1587, in load_library
    ctypes.CDLL(path)
    ~~~~~~~~~~~^^^^^^
  File "C:\Users\peang\AppData\Local\Programs\Python\Python314\Lib\ctypes\__init__.py", line 462, in __init__
    self._handle = _dlopen(self._name, mode)
                   ~~~~~~~^^^^^^^^^^^^^^^^^^
FileNotFoundError: Could not find module 'C:\Users\peang\AppData\Local\Programs\Python\Python314\Lib\site-packages\torchcodec\libtorchcodec_core4.dll' (or one of its dependencies). Try using the full path with constructor syntax.

The above exception was the direct cause of the following exception:

Traceback (most recent call last):
  File "C:\Users\peang\AppData\Local\Programs\Python\Python314\Lib\site-packages\torchcodec\_internally_replaced_utils.py", line 132, in load_core_libraries
    torch.ops.load_library(core_library_path)
    ~~~~~~~~~~~~~~~~~~~~~~^^^^^^^^^^^^^^^^^^^
  File "C:\Users\peang\AppData\Local\Programs\Python\Python314\Lib\site-packages\torch\_ops.py", line 1589, in load_library
    raise OSError(f"Could not load this library: {path}") from e
OSError: Could not load this library: C:\Users\peang\AppData\Local\Programs\Python\Python314\Lib\site-packages\torchcodec\libtorchcodec_core4.dll
[end of libtorchcodec loading traceback].
2026-09-26 12:37:06,884 [INFO] great_sage.core.metrics: timing parle francais stp | first_token=4.03s  text_done=4.15s  total=5.00s
2026-09-26 12:37:22,290 [ERROR] great_sage.server: Voice/audio error speaking reply to 'ok sa fait combien 1+1'
Traceback (most recent call last):
  File "C:\Users\peang\AppData\Local\Programs\Python\Python314\Lib\site-packages\torchaudio\_torchcodec.py", line 116, in load_with_torchcodec
    decoder = AudioDecoder(uri)
  File "C:\Users\peang\AppData\Local\Programs\Python\Python314\Lib\site-packages\torchcodec\decoders\_audio_decoder.py", line 73, in __init__
    ) = create_audio_decoder(
        ~~~~~~~~~~~~~~~~~~~~^
        source=source,
        ^^^^^^^^^^^^^^
    ...<3 lines>...
        num_channels=num_channels,
        ^^^^^^^^^^^^^^^^^^^^^^^^^^
    )
    ^
  File "C:\Users\peang\AppData\Local\Programs\Python\Python314\Lib\site-packages\torchcodec\_core\_decoder_utils.py", line 81, in create_audio_decoder
    decoder = create_decoder(source=source, seek_mode=seek_mode)
  File "C:\Users\peang\AppData\Local\Programs\Python\Python314\Lib\site-packages\torchcodec\_core\_decoder_utils.py", line 46, in create_decoder
    load_core_libraries()
    ~~~~~~~~~~~~~~~~~~~^^
  File "C:\Users\peang\AppData\Local\Programs\Python\Python314\Lib\site-packages\torchcodec\_internally_replaced_utils.py", line 145, in load_core_libraries
    raise RuntimeError(
    ...<16 lines>...
    )
RuntimeError: Could not load libtorchcodec. Likely causes:
          1. FFmpeg is not properly installed in your environment. We support
             versions 4, 5, 6, 7, 8, and 9, and we attempt to load libtorchcodec
             for each of those versions. Errors for versions not installed on
             your system are expected; only the error for your installed FFmpeg
             version is relevant. On Windows, ensure you've installed the
             "full-shared" version which ships DLLs.
          2. The PyTorch version (2.14.0+cu130) is not compatible with
             this version of TorchCodec. Refer to the version compatibility
             table:
             https://github.com/pytorch/torchcodec?tab=readme-ov-file#installing-torchcodec.
          3. Another runtime dependency; see exceptions below.

        The following exceptions were raised as we tried to load libtorchcodec:
        
[start of libtorchcodec loading traceback]
FFmpeg version 9:
Traceback (most recent call last):
  File "C:\Users\peang\AppData\Local\Programs\Python\Python314\Lib\site-packages\torch\_ops.py", line 1587, in load_library
    ctypes.CDLL(path)
    ~~~~~~~~~~~^^^^^^
  File "C:\Users\peang\AppData\Local\Programs\Python\Python314\Lib\ctypes\__init__.py", line 462, in __init__
    self._handle = _dlopen(self._name, mode)
                   ~~~~~~~^^^^^^^^^^^^^^^^^^
FileNotFoundError: Could not find module 'C:\Users\peang\AppData\Local\Programs\Python\Python314\Lib\site-packages\torchcodec\libtorchcodec_core9.dll' (or one of its dependencies). Try using the full path with constructor syntax.

The above exception was the direct cause of the following exception:

Traceback (most recent call last):
  File "C:\Users\peang\AppData\Local\Programs\Python\Python314\Lib\site-packages\torchcodec\_internally_replaced_utils.py", line 132, in load_core_libraries
    torch.ops.load_library(core_library_path)
    ~~~~~~~~~~~~~~~~~~~~~~^^^^^^^^^^^^^^^^^^^
  File "C:\Users\peang\AppData\Local\Programs\Python\Python314\Lib\site-packages\torch\_ops.py", line 1589, in load_library
    raise OSError(f"Could not load this library: {path}") from e
OSError: Could not load this library: C:\Users\peang\AppData\Local\Programs\Python\Python314\Lib\site-packages\torchcodec\libtorchcodec_core9.dll

FFmpeg version 8:
Traceback (most recent call last):
  File "C:\Users\peang\AppData\Local\Programs\Python\Python314\Lib\site-packages\torch\_ops.py", line 1587, in load_library
    ctypes.CDLL(path)
    ~~~~~~~~~~~^^^^^^
  File "C:\Users\peang\AppData\Local\Programs\Python\Python314\Lib\ctypes\__init__.py", line 462, in __init__
    self._handle = _dlopen(self._name, mode)
                   ~~~~~~~^^^^^^^^^^^^^^^^^^
FileNotFoundError: Could not find module 'C:\Users\peang\AppData\Local\Programs\Python\Python314\Lib\site-packages\torchcodec\libtorchcodec_core8.dll' (or one of its dependencies). Try using the full path with constructor syntax.

The above exception was the direct cause of the following exception:

Traceback (most recent call last):
  File "C:\Users\peang\AppData\Local\Programs\Python\Python314\Lib\site-packages\torchcodec\_internally_replaced_utils.py", line 132, in load_core_libraries
    torch.ops.load_library(core_library_path)
    ~~~~~~~~~~~~~~~~~~~~~~^^^^^^^^^^^^^^^^^^^
  File "C:\Users\peang\AppData\Local\Programs\Python\Python314\Lib\site-packages\torch\_ops.py", line 1589, in load_library
    raise OSError(f"Could not load this library: {path}") from e
OSError: Could not load this library: C:\Users\peang\AppData\Local\Programs\Python\Python314\Lib\site-packages\torchcodec\libtorchcodec_core8.dll

FFmpeg version 7:
Traceback (most recent call last):
  File "C:\Users\peang\AppData\Local\Programs\Python\Python314\Lib\site-packages\torch\_ops.py", line 1587, in load_library
    ctypes.CDLL(path)
    ~~~~~~~~~~~^^^^^^
  File "C:\Users\peang\AppData\Local\Programs\Python\Python314\Lib\ctypes\__init__.py", line 462, in __init__
    self._handle = _dlopen(self._name, mode)
                   ~~~~~~~^^^^^^^^^^^^^^^^^^
FileNotFoundError: Could not find module 'C:\Users\peang\AppData\Local\Programs\Python\Python314\Lib\site-packages\torchcodec\libtorchcodec_core7.dll' (or one of its dependencies). Try using the full path with constructor syntax.

The above exception was the direct cause of the following exception:

Traceback (most recent call last):
  File "C:\Users\peang\AppData\Local\Programs\Python\Python314\Lib\site-packages\torchcodec\_internally_replaced_utils.py", line 132, in load_core_libraries
    torch.ops.load_library(core_library_path)
    ~~~~~~~~~~~~~~~~~~~~~~^^^^^^^^^^^^^^^^^^^
  File "C:\Users\peang\AppData\Local\Programs\Python\Python314\Lib\site-packages\torch\_ops.py", line 1589, in load_library
    raise OSError(f"Could not load this library: {path}") from e
OSError: Could not load this library: C:\Users\peang\AppData\Local\Programs\Python\Python314\Lib\site-packages\torchcodec\libtorchcodec_core7.dll

FFmpeg version 6:
Traceback (most recent call last):
  File "C:\Users\peang\AppData\Local\Programs\Python\Python314\Lib\site-packages\torch\_ops.py", line 1587, in load_library
    ctypes.CDLL(path)
    ~~~~~~~~~~~^^^^^^
  File "C:\Users\peang\AppData\Local\Programs\Python\Python314\Lib\ctypes\__init__.py", line 462, in __init__
    self._handle = _dlopen(self._name, mode)
                   ~~~~~~~^^^^^^^^^^^^^^^^^^
FileNotFoundError: Could not find module 'C:\Users\peang\AppData\Local\Programs\Python\Python314\Lib\site-packages\torchcodec\libtorchcodec_core6.dll' (or one of its dependencies). Try using the full path with constructor syntax.

The above exception was the direct cause of the following exception:

Traceback (most recent call last):
  File "C:\Users\peang\AppData\Local\Programs\Python\Python314\Lib\site-packages\torchcodec\_internally_replaced_utils.py", line 132, in load_core_libraries
    torch.ops.load_library(core_library_path)
    ~~~~~~~~~~~~~~~~~~~~~~^^^^^^^^^^^^^^^^^^^
  File "C:\Users\peang\AppData\Local\Programs\Python\Python314\Lib\site-packages\torch\_ops.py", line 1589, in load_library
    raise OSError(f"Could not load this library: {path}") from e
OSError: Could not load this library: C:\Users\peang\AppData\Local\Programs\Python\Python314\Lib\site-packages\torchcodec\libtorchcodec_core6.dll

FFmpeg version 5:
Traceback (most recent call last):
  File "C:\Users\peang\AppData\Local\Programs\Python\Python314\Lib\site-packages\torch\_ops.py", line 1587, in load_library
    ctypes.CDLL(path)
    ~~~~~~~~~~~^^^^^^
  File "C:\Users\peang\AppData\Local\Programs\Python\Python314\Lib\ctypes\__init__.py", line 462, in __init__
    self._handle = _dlopen(self._name, mode)
                   ~~~~~~~^^^^^^^^^^^^^^^^^^
FileNotFoundError: Could not find module 'C:\Users\peang\AppData\Local\Programs\Python\Python314\Lib\site-packages\torchcodec\libtorchcodec_core5.dll' (or one of its dependencies). Try using the full path with constructor syntax.

The above exception was the direct cause of the following exception:

Traceback (most recent call last):
  File "C:\Users\peang\AppData\Local\Programs\Python\Python314\Lib\site-packages\torchcodec\_internally_replaced_utils.py", line 132, in load_core_libraries
    torch.ops.load_library(core_library_path)
    ~~~~~~~~~~~~~~~~~~~~~~^^^^^^^^^^^^^^^^^^^
  File "C:\Users\peang\AppData\Local\Programs\Python\Python314\Lib\site-packages\torch\_ops.py", line 1589, in load_library
    raise OSError(f"Could not load this library: {path}") from e
OSError: Could not load this library: C:\Users\peang\AppData\Local\Programs\Python\Python314\Lib\site-packages\torchcodec\libtorchcodec_core5.dll

FFmpeg version 4:
Traceback (most recent call last):
  File "C:\Users\peang\AppData\Local\Programs\Python\Python314\Lib\site-packages\torch\_ops.py", line 1587, in load_library
    ctypes.CDLL(path)
    ~~~~~~~~~~~^^^^^^
  File "C:\Users\peang\AppData\Local\Programs\Python\Python314\Lib\ctypes\__init__.py", line 462, in __init__
    self._handle = _dlopen(self._name, mode)
                   ~~~~~~~^^^^^^^^^^^^^^^^^^
FileNotFoundError: Could not find module 'C:\Users\peang\AppData\Local\Programs\Python\Python314\Lib\site-packages\torchcodec\libtorchcodec_core4.dll' (or one of its dependencies). Try using the full path with constructor syntax.

The above exception was the direct cause of the following exception:

Traceback (most recent call last):
  File "C:\Users\peang\AppData\Local\Programs\Python\Python314\Lib\site-packages\torchcodec\_internally_replaced_utils.py", line 132, in load_core_libraries
    torch.ops.load_library(core_library_path)
    ~~~~~~~~~~~~~~~~~~~~~~^^^^^^^^^^^^^^^^^^^
  File "C:\Users\peang\AppData\Local\Programs\Python\Python314\Lib\site-packages\torch\_ops.py", line 1589, in load_library
    raise OSError(f"Could not load this library: {path}") from e
OSError: Could not load this library: C:\Users\peang\AppData\Local\Programs\Python\Python314\Lib\site-packages\torchcodec\libtorchcodec_core4.dll
[end of libtorchcodec loading traceback].

The above exception was the direct cause of the following exception:

Traceback (most recent call last):
  File "C:\Users\peang\Downloads\The-GREAT-SAGE-OPTIMIZED-v4\fullopt\great_sage\voice\f5_tts_engine.py", line 385, in _generate_once
    wav, sample_rate, _ = self._infer_process(
                          ~~~~~~~~~~~~~~~~~~~^
        ref_audio, ref_text, text,
        ^^^^^^^^^^^^^^^^^^^^^^^^^^
    ...<4 lines>...
        device=self._api.device,
        ^^^^^^^^^^^^^^^^^^^^^^^^
    )
    ^
  File "C:\Users\peang\AppData\Local\Programs\Python\Python314\Lib\site-packages\f5_tts\infer\utils_infer.py", line 403, in infer_process
    audio, sr = torchaudio.load(ref_audio)
                ~~~~~~~~~~~~~~~^^^^^^^^^^^
  File "C:\Users\peang\AppData\Local\Programs\Python\Python314\Lib\site-packages\torchaudio\__init__.py", line 86, in load
    return load_with_torchcodec(
        uri,
    ...<6 lines>...
        backend=backend,
    )
  File "C:\Users\peang\AppData\Local\Programs\Python\Python314\Lib\site-packages\torchaudio\_torchcodec.py", line 118, in load_with_torchcodec
    raise RuntimeError(f"Failed to create AudioDecoder for {uri}: {e}") from e
RuntimeError: Failed to create AudioDecoder for C:\Users\peang\AppData\Local\Temp\tmpwwnr5q7d.wav: Could not load libtorchcodec. Likely causes:
          1. FFmpeg is not properly installed in your environment. We support
             versions 4, 5, 6, 7, 8, and 9, and we attempt to load libtorchcodec
             for each of those versions. Errors for versions not installed on
             your system are expected; only the error for your installed FFmpeg
             version is relevant. On Windows, ensure you've installed the
             "full-shared" version which ships DLLs.
          2. The PyTorch version (2.14.0+cu130) is not compatible with
             this version of TorchCodec. Refer to the version compatibility
             table:
             https://github.com/pytorch/torchcodec?tab=readme-ov-file#installing-torchcodec.
          3. Another runtime dependency; see exceptions below.

        The following exceptions were raised as we tried to load libtorchcodec:
        
[start of libtorchcodec loading traceback]
FFmpeg version 9:
Traceback (most recent call last):
  File "C:\Users\peang\AppData\Local\Programs\Python\Python314\Lib\site-packages\torch\_ops.py", line 1587, in load_library
    ctypes.CDLL(path)
    ~~~~~~~~~~~^^^^^^
  File "C:\Users\peang\AppData\Local\Programs\Python\Python314\Lib\ctypes\__init__.py", line 462, in __init__
    self._handle = _dlopen(self._name, mode)
                   ~~~~~~~^^^^^^^^^^^^^^^^^^
FileNotFoundError: Could not find module 'C:\Users\peang\AppData\Local\Programs\Python\Python314\Lib\site-packages\torchcodec\libtorchcodec_core9.dll' (or one of its dependencies). Try using the full path with constructor syntax.

The above exception was the direct cause of the following exception:

Traceback (most recent call last):
  File "C:\Users\peang\AppData\Local\Programs\Python\Python314\Lib\site-packages\torchcodec\_internally_replaced_utils.py", line 132, in load_core_libraries
    torch.ops.load_library(core_library_path)
    ~~~~~~~~~~~~~~~~~~~~~~^^^^^^^^^^^^^^^^^^^
  File "C:\Users\peang\AppData\Local\Programs\Python\Python314\Lib\site-packages\torch\_ops.py", line 1589, in load_library
    raise OSError(f"Could not load this library: {path}") from e
OSError: Could not load this library: C:\Users\peang\AppData\Local\Programs\Python\Python314\Lib\site-packages\torchcodec\libtorchcodec_core9.dll

FFmpeg version 8:
Traceback (most recent call last):
  File "C:\Users\peang\AppData\Local\Programs\Python\Python314\Lib\site-packages\torch\_ops.py", line 1587, in load_library
    ctypes.CDLL(path)
    ~~~~~~~~~~~^^^^^^
  File "C:\Users\peang\AppData\Local\Programs\Python\Python314\Lib\ctypes\__init__.py", line 462, in __init__
    self._handle = _dlopen(self._name, mode)
                   ~~~~~~~^^^^^^^^^^^^^^^^^^
FileNotFoundError: Could not find module 'C:\Users\peang\AppData\Local\Programs\Python\Python314\Lib\site-packages\torchcodec\libtorchcodec_core8.dll' (or one of its dependencies). Try using the full path with constructor syntax.

The above exception was the direct cause of the following exception:

Traceback (most recent call last):
  File "C:\Users\peang\AppData\Local\Programs\Python\Python314\Lib\site-packages\torchcodec\_internally_replaced_utils.py", line 132, in load_core_libraries
    torch.ops.load_library(core_library_path)
    ~~~~~~~~~~~~~~~~~~~~~~^^^^^^^^^^^^^^^^^^^
  File "C:\Users\peang\AppData\Local\Programs\Python\Python314\Lib\site-packages\torch\_ops.py", line 1589, in load_library
    raise OSError(f"Could not load this library: {path}") from e
OSError: Could not load this library: C:\Users\peang\AppData\Local\Programs\Python\Python314\Lib\site-packages\torchcodec\libtorchcodec_core8.dll

FFmpeg version 7:
Traceback (most recent call last):
  File "C:\Users\peang\AppData\Local\Programs\Python\Python314\Lib\site-packages\torch\_ops.py", line 1587, in load_library
    ctypes.CDLL(path)
    ~~~~~~~~~~~^^^^^^
  File "C:\Users\peang\AppData\Local\Programs\Python\Python314\Lib\ctypes\__init__.py", line 462, in __init__
    self._handle = _dlopen(self._name, mode)
                   ~~~~~~~^^^^^^^^^^^^^^^^^^
FileNotFoundError: Could not find module 'C:\Users\peang\AppData\Local\Programs\Python\Python314\Lib\site-packages\torchcodec\libtorchcodec_core7.dll' (or one of its dependencies). Try using the full path with constructor syntax.

The above exception was the direct cause of the following exception:

Traceback (most recent call last):
  File "C:\Users\peang\AppData\Local\Programs\Python\Python314\Lib\site-packages\torchcodec\_internally_replaced_utils.py", line 132, in load_core_libraries
    torch.ops.load_library(core_library_path)
    ~~~~~~~~~~~~~~~~~~~~~~^^^^^^^^^^^^^^^^^^^
  File "C:\Users\peang\AppData\Local\Programs\Python\Python314\Lib\site-packages\torch\_ops.py", line 1589, in load_library
    raise OSError(f"Could not load this library: {path}") from e
OSError: Could not load this library: C:\Users\peang\AppData\Local\Programs\Python\Python314\Lib\site-packages\torchcodec\libtorchcodec_core7.dll

FFmpeg version 6:
Traceback (most recent call last):
  File "C:\Users\peang\AppData\Local\Programs\Python\Python314\Lib\site-packages\torch\_ops.py", line 1587, in load_library
    ctypes.CDLL(path)
    ~~~~~~~~~~~^^^^^^
  File "C:\Users\peang\AppData\Local\Programs\Python\Python314\Lib\ctypes\__init__.py", line 462, in __init__
    self._handle = _dlopen(self._name, mode)
                   ~~~~~~~^^^^^^^^^^^^^^^^^^
FileNotFoundError: Could not find module 'C:\Users\peang\AppData\Local\Programs\Python\Python314\Lib\site-packages\torchcodec\libtorchcodec_core6.dll' (or one of its dependencies). Try using the full path with constructor syntax.

The above exception was the direct cause of the following exception:

Traceback (most recent call last):
  File "C:\Users\peang\AppData\Local\Programs\Python\Python314\Lib\site-packages\torchcodec\_internally_replaced_utils.py", line 132, in load_core_libraries
    torch.ops.load_library(core_library_path)
    ~~~~~~~~~~~~~~~~~~~~~~^^^^^^^^^^^^^^^^^^^
  File "C:\Users\peang\AppData\Local\Programs\Python\Python314\Lib\site-packages\torch\_ops.py", line 1589, in load_library
    raise OSError(f"Could not load this library: {path}") from e
OSError: Could not load this library: C:\Users\peang\AppData\Local\Programs\Python\Python314\Lib\site-packages\torchcodec\libtorchcodec_core6.dll

FFmpeg version 5:
Traceback (most recent call last):
  File "C:\Users\peang\AppData\Local\Programs\Python\Python314\Lib\site-packages\torch\_ops.py", line 1587, in load_library
    ctypes.CDLL(path)
    ~~~~~~~~~~~^^^^^^
  File "C:\Users\peang\AppData\Local\Programs\Python\Python314\Lib\ctypes\__init__.py", line 462, in __init__
    self._handle = _dlopen(self._name, mode)
                   ~~~~~~~^^^^^^^^^^^^^^^^^^
FileNotFoundError: Could not find module 'C:\Users\peang\AppData\Local\Programs\Python\Python314\Lib\site-packages\torchcodec\libtorchcodec_core5.dll' (or one of its dependencies). Try using the full path with constructor syntax.

The above exception was the direct cause of the following exception:

Traceback (most recent call last):
  File "C:\Users\peang\AppData\Local\Programs\Python\Python314\Lib\site-packages\torchcodec\_internally_replaced_utils.py", line 132, in load_core_libraries
    torch.ops.load_library(core_library_path)
    ~~~~~~~~~~~~~~~~~~~~~~^^^^^^^^^^^^^^^^^^^
  File "C:\Users\peang\AppData\Local\Programs\Python\Python314\Lib\site-packages\torch\_ops.py", line 1589, in load_library
    raise OSError(f"Could not load this library: {path}") from e
OSError: Could not load this library: C:\Users\peang\AppData\Local\Programs\Python\Python314\Lib\site-packages\torchcodec\libtorchcodec_core5.dll

FFmpeg version 4:
Traceback (most recent call last):
  File "C:\Users\peang\AppData\Local\Programs\Python\Python314\Lib\site-packages\torch\_ops.py", line 1587, in load_library
    ctypes.CDLL(path)
    ~~~~~~~~~~~^^^^^^
  File "C:\Users\peang\AppData\Local\Programs\Python\Python314\Lib\ctypes\__init__.py", line 462, in __init__
    self._handle = _dlopen(self._name, mode)
                   ~~~~~~~^^^^^^^^^^^^^^^^^^
FileNotFoundError: Could not find module 'C:\Users\peang\AppData\Local\Programs\Python\Python314\Lib\site-packages\torchcodec\libtorchcodec_core4.dll' (or one of its dependencies). Try using the full path with constructor syntax.

The above exception was the direct cause of the following exception:

Traceback (most recent call last):
  File "C:\Users\peang\AppData\Local\Programs\Python\Python314\Lib\site-packages\torchcodec\_internally_replaced_utils.py", line 132, in load_core_libraries
    torch.ops.load_library(core_library_path)
    ~~~~~~~~~~~~~~~~~~~~~~^^^^^^^^^^^^^^^^^^^
  File "C:\Users\peang\AppData\Local\Programs\Python\Python314\Lib\site-packages\torch\_ops.py", line 1589, in load_library
    raise OSError(f"Could not load this library: {path}") from e
OSError: Could not load this library: C:\Users\peang\AppData\Local\Programs\Python\Python314\Lib\site-packages\torchcodec\libtorchcodec_core4.dll
[end of libtorchcodec loading traceback].

The above exception was the direct cause of the following exception:

Traceback (most recent call last):
  File "C:\Users\peang\Downloads\The-GREAT-SAGE-OPTIMIZED-v4\fullopt\great_sage\server.py", line 860, in _handle_chat
    voice.speak(cap_for_speech(speakable("".join(reply_chunks))))
    ~~~~~~~~~~~^^^^^^^^^^^^^^^^^^^^^^^^^^^^^^^^^^^^^^^^^^^^^^^^^^
  File "C:\Users\peang\Downloads\The-GREAT-SAGE-OPTIMIZED-v4\fullopt\great_sage\voice\f5_tts_engine.py", line 582, in speak
    self._speak_tts_segment(payload)
    ~~~~~~~~~~~~~~~~~~~~~~~^^^^^^^^^
  File "C:\Users\peang\Downloads\The-GREAT-SAGE-OPTIMIZED-v4\fullopt\great_sage\voice\f5_tts_engine.py", line 486, in _speak_tts_segment
    samples, rate = self.generate(spoken)
                    ~~~~~~~~~~~~~^^^^^^^^
  File "C:\Users\peang\Downloads\The-GREAT-SAGE-OPTIMIZED-v4\fullopt\great_sage\voice\f5_tts_engine.py", line 415, in generate
    wav, rate = self._generate_once(pieces[0])
                ~~~~~~~~~~~~~~~~~~~^^^^^^^^^^^
  File "C:\Users\peang\Downloads\The-GREAT-SAGE-OPTIMIZED-v4\fullopt\great_sage\voice\f5_tts_engine.py", line 394, in _generate_once
    raise VoiceError(f"F5-TTS synthesis failed: {exc}") from exc
great_sage.voice.base.VoiceError: F5-TTS synthesis failed: Failed to create AudioDecoder for C:\Users\peang\AppData\Local\Temp\tmpwwnr5q7d.wav: Could not load libtorchcodec. Likely causes:
          1. FFmpeg is not properly installed in your environment. We support
             versions 4, 5, 6, 7, 8, and 9, and we attempt to load libtorchcodec
             for each of those versions. Errors for versions not installed on
             your system are expected; only the error for your installed FFmpeg
             version is relevant. On Windows, ensure you've installed the
             "full-shared" version which ships DLLs.
          2. The PyTorch version (2.14.0+cu130) is not compatible with
             this version of TorchCodec. Refer to the version compatibility
             table:
             https://github.com/pytorch/torchcodec?tab=readme-ov-file#installing-torchcodec.
          3. Another runtime dependency; see exceptions below.

        The following exceptions were raised as we tried to load libtorchcodec:
        
[start of libtorchcodec loading traceback]
FFmpeg version 9:
Traceback (most recent call last):
  File "C:\Users\peang\AppData\Local\Programs\Python\Python314\Lib\site-packages\torch\_ops.py", line 1587, in load_library
    ctypes.CDLL(path)
    ~~~~~~~~~~~^^^^^^
  File "C:\Users\peang\AppData\Local\Programs\Python\Python314\Lib\ctypes\__init__.py", line 462, in __init__
    self._handle = _dlopen(self._name, mode)
                   ~~~~~~~^^^^^^^^^^^^^^^^^^
FileNotFoundError: Could not find module 'C:\Users\peang\AppData\Local\Programs\Python\Python314\Lib\site-packages\torchcodec\libtorchcodec_core9.dll' (or one of its dependencies). Try using the full path with constructor syntax.

The above exception was the direct cause of the following exception:

Traceback (most recent call last):
  File "C:\Users\peang\AppData\Local\Programs\Python\Python314\Lib\site-packages\torchcodec\_internally_replaced_utils.py", line 132, in load_core_libraries
    torch.ops.load_library(core_library_path)
    ~~~~~~~~~~~~~~~~~~~~~~^^^^^^^^^^^^^^^^^^^
  File "C:\Users\peang\AppData\Local\Programs\Python\Python314\Lib\site-packages\torch\_ops.py", line 1589, in load_library
    raise OSError(f"Could not load this library: {path}") from e
OSError: Could not load this library: C:\Users\peang\AppData\Local\Programs\Python\Python314\Lib\site-packages\torchcodec\libtorchcodec_core9.dll

FFmpeg version 8:
Traceback (most recent call last):
  File "C:\Users\peang\AppData\Local\Programs\Python\Python314\Lib\site-packages\torch\_ops.py", line 1587, in load_library
    ctypes.CDLL(path)
    ~~~~~~~~~~~^^^^^^
  File "C:\Users\peang\AppData\Local\Programs\Python\Python314\Lib\ctypes\__init__.py", line 462, in __init__
    self._handle = _dlopen(self._name, mode)
                   ~~~~~~~^^^^^^^^^^^^^^^^^^
FileNotFoundError: Could not find module 'C:\Users\peang\AppData\Local\Programs\Python\Python314\Lib\site-packages\torchcodec\libtorchcodec_core8.dll' (or one of its dependencies). Try using the full path with constructor syntax.

The above exception was the direct cause of the following exception:

Traceback (most recent call last):
  File "C:\Users\peang\AppData\Local\Programs\Python\Python314\Lib\site-packages\torchcodec\_internally_replaced_utils.py", line 132, in load_core_libraries
    torch.ops.load_library(core_library_path)
    ~~~~~~~~~~~~~~~~~~~~~~^^^^^^^^^^^^^^^^^^^
  File "C:\Users\peang\AppData\Local\Programs\Python\Python314\Lib\site-packages\torch\_ops.py", line 1589, in load_library
    raise OSError(f"Could not load this library: {path}") from e
OSError: Could not load this library: C:\Users\peang\AppData\Local\Programs\Python\Python314\Lib\site-packages\torchcodec\libtorchcodec_core8.dll

FFmpeg version 7:
Traceback (most recent call last):
  File "C:\Users\peang\AppData\Local\Programs\Python\Python314\Lib\site-packages\torch\_ops.py", line 1587, in load_library
    ctypes.CDLL(path)
    ~~~~~~~~~~~^^^^^^
  File "C:\Users\peang\AppData\Local\Programs\Python\Python314\Lib\ctypes\__init__.py", line 462, in __init__
    self._handle = _dlopen(self._name, mode)
                   ~~~~~~~^^^^^^^^^^^^^^^^^^
FileNotFoundError: Could not find module 'C:\Users\peang\AppData\Local\Programs\Python\Python314\Lib\site-packages\torchcodec\libtorchcodec_core7.dll' (or one of its dependencies). Try using the full path with constructor syntax.

The above exception was the direct cause of the following exception:

Traceback (most recent call last):
  File "C:\Users\peang\AppData\Local\Programs\Python\Python314\Lib\site-packages\torchcodec\_internally_replaced_utils.py", line 132, in load_core_libraries
    torch.ops.load_library(core_library_path)
    ~~~~~~~~~~~~~~~~~~~~~~^^^^^^^^^^^^^^^^^^^
  File "C:\Users\peang\AppData\Local\Programs\Python\Python314\Lib\site-packages\torch\_ops.py", line 1589, in load_library
    raise OSError(f"Could not load this library: {path}") from e
OSError: Could not load this library: C:\Users\peang\AppData\Local\Programs\Python\Python314\Lib\site-packages\torchcodec\libtorchcodec_core7.dll

FFmpeg version 6:
Traceback (most recent call last):
  File "C:\Users\peang\AppData\Local\Programs\Python\Python314\Lib\site-packages\torch\_ops.py", line 1587, in load_library
    ctypes.CDLL(path)
    ~~~~~~~~~~~^^^^^^
  File "C:\Users\peang\AppData\Local\Programs\Python\Python314\Lib\ctypes\__init__.py", line 462, in __init__
    self._handle = _dlopen(self._name, mode)
                   ~~~~~~~^^^^^^^^^^^^^^^^^^
FileNotFoundError: Could not find module 'C:\Users\peang\AppData\Local\Programs\Python\Python314\Lib\site-packages\torchcodec\libtorchcodec_core6.dll' (or one of its dependencies). Try using the full path with constructor syntax.

The above exception was the direct cause of the following exception:

Traceback (most recent call last):
  File "C:\Users\peang\AppData\Local\Programs\Python\Python314\Lib\site-packages\torchcodec\_internally_replaced_utils.py", line 132, in load_core_libraries
    torch.ops.load_library(core_library_path)
    ~~~~~~~~~~~~~~~~~~~~~~^^^^^^^^^^^^^^^^^^^
  File "C:\Users\peang\AppData\Local\Programs\Python\Python314\Lib\site-packages\torch\_ops.py", line 1589, in load_library
    raise OSError(f"Could not load this library: {path}") from e
OSError: Could not load this library: C:\Users\peang\AppData\Local\Programs\Python\Python314\Lib\site-packages\torchcodec\libtorchcodec_core6.dll

FFmpeg version 5:
Traceback (most recent call last):
  File "C:\Users\peang\AppData\Local\Programs\Python\Python314\Lib\site-packages\torch\_ops.py", line 1587, in load_library
    ctypes.CDLL(path)
    ~~~~~~~~~~~^^^^^^
  File "C:\Users\peang\AppData\Local\Programs\Python\Python314\Lib\ctypes\__init__.py", line 462, in __init__
    self._handle = _dlopen(self._name, mode)
                   ~~~~~~~^^^^^^^^^^^^^^^^^^
FileNotFoundError: Could not find module 'C:\Users\peang\AppData\Local\Programs\Python\Python314\Lib\site-packages\torchcodec\libtorchcodec_core5.dll' (or one of its dependencies). Try using the full path with constructor syntax.

The above exception was the direct cause of the following exception:

Traceback (most recent call last):
  File "C:\Users\peang\AppData\Local\Programs\Python\Python314\Lib\site-packages\torchcodec\_internally_replaced_utils.py", line 132, in load_core_libraries
    torch.ops.load_library(core_library_path)
    ~~~~~~~~~~~~~~~~~~~~~~^^^^^^^^^^^^^^^^^^^
  File "C:\Users\peang\AppData\Local\Programs\Python\Python314\Lib\site-packages\torch\_ops.py", line 1589, in load_library
    raise OSError(f"Could not load this library: {path}") from e
OSError: Could not load this library: C:\Users\peang\AppData\Local\Programs\Python\Python314\Lib\site-packages\torchcodec\libtorchcodec_core5.dll

FFmpeg version 4:
Traceback (most recent call last):
  File "C:\Users\peang\AppData\Local\Programs\Python\Python314\Lib\site-packages\torch\_ops.py", line 1587, in load_library
    ctypes.CDLL(path)
    ~~~~~~~~~~~^^^^^^
  File "C:\Users\peang\AppData\Local\Programs\Python\Python314\Lib\ctypes\__init__.py", line 462, in __init__
    self._handle = _dlopen(self._name, mode)
                   ~~~~~~~^^^^^^^^^^^^^^^^^^
FileNotFoundError: Could not find module 'C:\Users\peang\AppData\Local\Programs\Python\Python314\Lib\site-packages\torchcodec\libtorchcodec_core4.dll' (or one of its dependencies). Try using the full path with constructor syntax.

The above exception was the direct cause of the following exception:

Traceback (most recent call last):
  File "C:\Users\peang\AppData\Local\Programs\Python\Python314\Lib\site-packages\torchcodec\_internally_replaced_utils.py", line 132, in load_core_libraries
    torch.ops.load_library(core_library_path)
    ~~~~~~~~~~~~~~~~~~~~~~^^^^^^^^^^^^^^^^^^^
  File "C:\Users\peang\AppData\Local\Programs\Python\Python314\Lib\site-packages\torch\_ops.py", line 1589, in load_library
    raise OSError(f"Could not load this library: {path}") from e
OSError: Could not load this library: C:\Users\peang\AppData\Local\Programs\Python\Python314\Lib\site-packages\torchcodec\libtorchcodec_core4.dll
[end of libtorchcodec loading traceback].
2026-09-26 12:37:22,293 [INFO] great_sage.core.metrics: timing ok sa fait combien 1+1 | first_token=2.23s  text_done=2.36s  total=7.25s
2026-09-26 12:37:59,977 [INFO] great_sage.server: Think Harder revised the reply (41 -> 156 chars)
2026-09-26 12:37:59,993 [ERROR] great_sage.server: Voice/audio error speaking reply to 'Comment on vole'
Traceback (most recent call last):
  File "C:\Users\peang\AppData\Local\Programs\Python\Python314\Lib\site-packages\torchaudio\_torchcodec.py", line 116, in load_with_torchcodec
    decoder = AudioDecoder(uri)
  File "C:\Users\peang\AppData\Local\Programs\Python\Python314\Lib\site-packages\torchcodec\decoders\_audio_decoder.py", line 73, in __init__
    ) = create_audio_decoder(
        ~~~~~~~~~~~~~~~~~~~~^
        source=source,
        ^^^^^^^^^^^^^^
    ...<3 lines>...
        num_channels=num_channels,
        ^^^^^^^^^^^^^^^^^^^^^^^^^^
    )
    ^
  File "C:\Users\peang\AppData\Local\Programs\Python\Python314\Lib\site-packages\torchcodec\_core\_decoder_utils.py", line 81, in create_audio_decoder
    decoder = create_decoder(source=source, seek_mode=seek_mode)
  File "C:\Users\peang\AppData\Local\Programs\Python\Python314\Lib\site-packages\torchcodec\_core\_decoder_utils.py", line 46, in create_decoder
    load_core_libraries()
    ~~~~~~~~~~~~~~~~~~~^^
  File "C:\Users\peang\AppData\Local\Programs\Python\Python314\Lib\site-packages\torchcodec\_internally_replaced_utils.py", line 145, in load_core_libraries
    raise RuntimeError(
    ...<16 lines>...
    )
RuntimeError: Could not load libtorchcodec. Likely causes:
          1. FFmpeg is not properly installed in your environment. We support
             versions 4, 5, 6, 7, 8, and 9, and we attempt to load libtorchcodec
             for each of those versions. Errors for versions not installed on
             your system are expected; only the error for your installed FFmpeg
             version is relevant. On Windows, ensure you've installed the
             "full-shared" version which ships DLLs.
          2. The PyTorch version (2.14.0+cu130) is not compatible with
             this version of TorchCodec. Refer to the version compatibility
             table:
             https://github.com/pytorch/torchcodec?tab=readme-ov-file#installing-torchcodec.
          3. Another runtime dependency; see exceptions below.

        The following exceptions were raised as we tried to load libtorchcodec:
        
[start of libtorchcodec loading traceback]
FFmpeg version 9:
Traceback (most recent call last):
  File "C:\Users\peang\AppData\Local\Programs\Python\Python314\Lib\site-packages\torch\_ops.py", line 1587, in load_library
    ctypes.CDLL(path)
    ~~~~~~~~~~~^^^^^^
  File "C:\Users\peang\AppData\Local\Programs\Python\Python314\Lib\ctypes\__init__.py", line 462, in __init__
    self._handle = _dlopen(self._name, mode)
                   ~~~~~~~^^^^^^^^^^^^^^^^^^
FileNotFoundError: Could not find module 'C:\Users\peang\AppData\Local\Programs\Python\Python314\Lib\site-packages\torchcodec\libtorchcodec_core9.dll' (or one of its dependencies). Try using the full path with constructor syntax.

The above exception was the direct cause of the following exception:

Traceback (most recent call last):
  File "C:\Users\peang\AppData\Local\Programs\Python\Python314\Lib\site-packages\torchcodec\_internally_replaced_utils.py", line 132, in load_core_libraries
    torch.ops.load_library(core_library_path)
    ~~~~~~~~~~~~~~~~~~~~~~^^^^^^^^^^^^^^^^^^^
  File "C:\Users\peang\AppData\Local\Programs\Python\Python314\Lib\site-packages\torch\_ops.py", line 1589, in load_library
    raise OSError(f"Could not load this library: {path}") from e
OSError: Could not load this library: C:\Users\peang\AppData\Local\Programs\Python\Python314\Lib\site-packages\torchcodec\libtorchcodec_core9.dll

FFmpeg version 8:
Traceback (most recent call last):
  File "C:\Users\peang\AppData\Local\Programs\Python\Python314\Lib\site-packages\torch\_ops.py", line 1587, in load_library
    ctypes.CDLL(path)
    ~~~~~~~~~~~^^^^^^
  File "C:\Users\peang\AppData\Local\Programs\Python\Python314\Lib\ctypes\__init__.py", line 462, in __init__
    self._handle = _dlopen(self._name, mode)
                   ~~~~~~~^^^^^^^^^^^^^^^^^^
FileNotFoundError: Could not find module 'C:\Users\peang\AppData\Local\Programs\Python\Python314\Lib\site-packages\torchcodec\libtorchcodec_core8.dll' (or one of its dependencies). Try using the full path with constructor syntax.

The above exception was the direct cause of the following exception:

Traceback (most recent call last):
  File "C:\Users\peang\AppData\Local\Programs\Python\Python314\Lib\site-packages\torchcodec\_internally_replaced_utils.py", line 132, in load_core_libraries
    torch.ops.load_library(core_library_path)
    ~~~~~~~~~~~~~~~~~~~~~~^^^^^^^^^^^^^^^^^^^
  File "C:\Users\peang\AppData\Local\Programs\Python\Python314\Lib\site-packages\torch\_ops.py", line 1589, in load_library
    raise OSError(f"Could not load this library: {path}") from e
OSError: Could not load this library: C:\Users\peang\AppData\Local\Programs\Python\Python314\Lib\site-packages\torchcodec\libtorchcodec_core8.dll

FFmpeg version 7:
Traceback (most recent call last):
  File "C:\Users\peang\AppData\Local\Programs\Python\Python314\Lib\site-packages\torch\_ops.py", line 1587, in load_library
    ctypes.CDLL(path)
    ~~~~~~~~~~~^^^^^^
  File "C:\Users\peang\AppData\Local\Programs\Python\Python314\Lib\ctypes\__init__.py", line 462, in __init__
    self._handle = _dlopen(self._name, mode)
                   ~~~~~~~^^^^^^^^^^^^^^^^^^
FileNotFoundError: Could not find module 'C:\Users\peang\AppData\Local\Programs\Python\Python314\Lib\site-packages\torchcodec\libtorchcodec_core7.dll' (or one of its dependencies). Try using the full path with constructor syntax.

The above exception was the direct cause of the following exception:

Traceback (most recent call last):
  File "C:\Users\peang\AppData\Local\Programs\Python\Python314\Lib\site-packages\torchcodec\_internally_replaced_utils.py", line 132, in load_core_libraries
    torch.ops.load_library(core_library_path)
    ~~~~~~~~~~~~~~~~~~~~~~^^^^^^^^^^^^^^^^^^^
  File "C:\Users\peang\AppData\Local\Programs\Python\Python314\Lib\site-packages\torch\_ops.py", line 1589, in load_library
    raise OSError(f"Could not load this library: {path}") from e
OSError: Could not load this library: C:\Users\peang\AppData\Local\Programs\Python\Python314\Lib\site-packages\torchcodec\libtorchcodec_core7.dll

FFmpeg version 6:
Traceback (most recent call last):
  File "C:\Users\peang\AppData\Local\Programs\Python\Python314\Lib\site-packages\torch\_ops.py", line 1587, in load_library
    ctypes.CDLL(path)
    ~~~~~~~~~~~^^^^^^
  File "C:\Users\peang\AppData\Local\Programs\Python\Python314\Lib\ctypes\__init__.py", line 462, in __init__
    self._handle = _dlopen(self._name, mode)
                   ~~~~~~~^^^^^^^^^^^^^^^^^^
FileNotFoundError: Could not find module 'C:\Users\peang\AppData\Local\Programs\Python\Python314\Lib\site-packages\torchcodec\libtorchcodec_core6.dll' (or one of its dependencies). Try using the full path with constructor syntax.

The above exception was the direct cause of the following exception:

Traceback (most recent call last):
  File "C:\Users\peang\AppData\Local\Programs\Python\Python314\Lib\site-packages\torchcodec\_internally_replaced_utils.py", line 132, in load_core_libraries
    torch.ops.load_library(core_library_path)
    ~~~~~~~~~~~~~~~~~~~~~~^^^^^^^^^^^^^^^^^^^
  File "C:\Users\peang\AppData\Local\Programs\Python\Python314\Lib\site-packages\torch\_ops.py", line 1589, in load_library
    raise OSError(f"Could not load this library: {path}") from e
OSError: Could not load this library: C:\Users\peang\AppData\Local\Programs\Python\Python314\Lib\site-packages\torchcodec\libtorchcodec_core6.dll

FFmpeg version 5:
Traceback (most recent call last):
  File "C:\Users\peang\AppData\Local\Programs\Python\Python314\Lib\site-packages\torch\_ops.py", line 1587, in load_library
    ctypes.CDLL(path)
    ~~~~~~~~~~~^^^^^^
  File "C:\Users\peang\AppData\Local\Programs\Python\Python314\Lib\ctypes\__init__.py", line 462, in __init__
    self._handle = _dlopen(self._name, mode)
                   ~~~~~~~^^^^^^^^^^^^^^^^^^
FileNotFoundError: Could not find module 'C:\Users\peang\AppData\Local\Programs\Python\Python314\Lib\site-packages\torchcodec\libtorchcodec_core5.dll' (or one of its dependencies). Try using the full path with constructor syntax.

The above exception was the direct cause of the following exception:

Traceback (most recent call last):
  File "C:\Users\peang\AppData\Local\Programs\Python\Python314\Lib\site-packages\torchcodec\_internally_replaced_utils.py", line 132, in load_core_libraries
    torch.ops.load_library(core_library_path)
    ~~~~~~~~~~~~~~~~~~~~~~^^^^^^^^^^^^^^^^^^^
  File "C:\Users\peang\AppData\Local\Programs\Python\Python314\Lib\site-packages\torch\_ops.py", line 1589, in load_library
    raise OSError(f"Could not load this library: {path}") from e
OSError: Could not load this library: C:\Users\peang\AppData\Local\Programs\Python\Python314\Lib\site-packages\torchcodec\libtorchcodec_core5.dll

FFmpeg version 4:
Traceback (most recent call last):
  File "C:\Users\peang\AppData\Local\Programs\Python\Python314\Lib\site-packages\torch\_ops.py", line 1587, in load_library
    ctypes.CDLL(path)
    ~~~~~~~~~~~^^^^^^
  File "C:\Users\peang\AppData\Local\Programs\Python\Python314\Lib\ctypes\__init__.py", line 462, in __init__
    self._handle = _dlopen(self._name, mode)
                   ~~~~~~~^^^^^^^^^^^^^^^^^^
FileNotFoundError: Could not find module 'C:\Users\peang\AppData\Local\Programs\Python\Python314\Lib\site-packages\torchcodec\libtorchcodec_core4.dll' (or one of its dependencies). Try using the full path with constructor syntax.

The above exception was the direct cause of the following exception:

Traceback (most recent call last):
  File "C:\Users\peang\AppData\Local\Programs\Python\Python314\Lib\site-packages\torchcodec\_internally_replaced_utils.py", line 132, in load_core_libraries
    torch.ops.load_library(core_library_path)
    ~~~~~~~~~~~~~~~~~~~~~~^^^^^^^^^^^^^^^^^^^
  File "C:\Users\peang\AppData\Local\Programs\Python\Python314\Lib\site-packages\torch\_ops.py", line 1589, in load_library
    raise OSError(f"Could not load this library: {path}") from e
OSError: Could not load this library: C:\Users\peang\AppData\Local\Programs\Python\Python314\Lib\site-packages\torchcodec\libtorchcodec_core4.dll
[end of libtorchcodec loading traceback].

The above exception was the direct cause of the following exception:

Traceback (most recent call last):
  File "C:\Users\peang\Downloads\The-GREAT-SAGE-OPTIMIZED-v4\fullopt\great_sage\voice\f5_tts_engine.py", line 385, in _generate_once
    wav, sample_rate, _ = self._infer_process(
                          ~~~~~~~~~~~~~~~~~~~^
        ref_audio, ref_text, text,
        ^^^^^^^^^^^^^^^^^^^^^^^^^^
    ...<4 lines>...
        device=self._api.device,
        ^^^^^^^^^^^^^^^^^^^^^^^^
    )
    ^
  File "C:\Users\peang\AppData\Local\Programs\Python\Python314\Lib\site-packages\f5_tts\infer\utils_infer.py", line 403, in infer_process
    audio, sr = torchaudio.load(ref_audio)
                ~~~~~~~~~~~~~~~^^^^^^^^^^^
  File "C:\Users\peang\AppData\Local\Programs\Python\Python314\Lib\site-packages\torchaudio\__init__.py", line 86, in load
    return load_with_torchcodec(
        uri,
    ...<6 lines>...
        backend=backend,
    )
  File "C:\Users\peang\AppData\Local\Programs\Python\Python314\Lib\site-packages\torchaudio\_torchcodec.py", line 118, in load_with_torchcodec
    raise RuntimeError(f"Failed to create AudioDecoder for {uri}: {e}") from e
RuntimeError: Failed to create AudioDecoder for C:\Users\peang\AppData\Local\Temp\tmpwwnr5q7d.wav: Could not load libtorchcodec. Likely causes:
          1. FFmpeg is not properly installed in your environment. We support
             versions 4, 5, 6, 7, 8, and 9, and we attempt to load libtorchcodec
             for each of those versions. Errors for versions not installed on
             your system are expected; only the error for your installed FFmpeg
             version is relevant. On Windows, ensure you've installed the
             "full-shared" version which ships DLLs.
          2. The PyTorch version (2.14.0+cu130) is not compatible with
             this version of TorchCodec. Refer to the version compatibility
             table:
             https://github.com/pytorch/torchcodec?tab=readme-ov-file#installing-torchcodec.
          3. Another runtime dependency; see exceptions below.

        The following exceptions were raised as we tried to load libtorchcodec:
        
[start of libtorchcodec loading traceback]
FFmpeg version 9:
Traceback (most recent call last):
  File "C:\Users\peang\AppData\Local\Programs\Python\Python314\Lib\site-packages\torch\_ops.py", line 1587, in load_library
    ctypes.CDLL(path)
    ~~~~~~~~~~~^^^^^^
  File "C:\Users\peang\AppData\Local\Programs\Python\Python314\Lib\ctypes\__init__.py", line 462, in __init__
    self._handle = _dlopen(self._name, mode)
                   ~~~~~~~^^^^^^^^^^^^^^^^^^
FileNotFoundError: Could not find module 'C:\Users\peang\AppData\Local\Programs\Python\Python314\Lib\site-packages\torchcodec\libtorchcodec_core9.dll' (or one of its dependencies). Try using the full path with constructor syntax.

The above exception was the direct cause of the following exception:

Traceback (most recent call last):
  File "C:\Users\peang\AppData\Local\Programs\Python\Python314\Lib\site-packages\torchcodec\_internally_replaced_utils.py", line 132, in load_core_libraries
    torch.ops.load_library(core_library_path)
    ~~~~~~~~~~~~~~~~~~~~~~^^^^^^^^^^^^^^^^^^^
  File "C:\Users\peang\AppData\Local\Programs\Python\Python314\Lib\site-packages\torch\_ops.py", line 1589, in load_library
    raise OSError(f"Could not load this library: {path}") from e
OSError: Could not load this library: C:\Users\peang\AppData\Local\Programs\Python\Python314\Lib\site-packages\torchcodec\libtorchcodec_core9.dll

FFmpeg version 8:
Traceback (most recent call last):
  File "C:\Users\peang\AppData\Local\Programs\Python\Python314\Lib\site-packages\torch\_ops.py", line 1587, in load_library
    ctypes.CDLL(path)
    ~~~~~~~~~~~^^^^^^
  File "C:\Users\peang\AppData\Local\Programs\Python\Python314\Lib\ctypes\__init__.py", line 462, in __init__
    self._handle = _dlopen(self._name, mode)
                   ~~~~~~~^^^^^^^^^^^^^^^^^^
FileNotFoundError: Could not find module 'C:\Users\peang\AppData\Local\Programs\Python\Python314\Lib\site-packages\torchcodec\libtorchcodec_core8.dll' (or one of its dependencies). Try using the full path with constructor syntax.

The above exception was the direct cause of the following exception:

Traceback (most recent call last):
  File "C:\Users\peang\AppData\Local\Programs\Python\Python314\Lib\site-packages\torchcodec\_internally_replaced_utils.py", line 132, in load_core_libraries
    torch.ops.load_library(core_library_path)
    ~~~~~~~~~~~~~~~~~~~~~~^^^^^^^^^^^^^^^^^^^
  File "C:\Users\peang\AppData\Local\Programs\Python\Python314\Lib\site-packages\torch\_ops.py", line 1589, in load_library
    raise OSError(f"Could not load this library: {path}") from e
OSError: Could not load this library: C:\Users\peang\AppData\Local\Programs\Python\Python314\Lib\site-packages\torchcodec\libtorchcodec_core8.dll

FFmpeg version 7:
Traceback (most recent call last):
  File "C:\Users\peang\AppData\Local\Programs\Python\Python314\Lib\site-packages\torch\_ops.py", line 1587, in load_library
    ctypes.CDLL(path)
    ~~~~~~~~~~~^^^^^^
  File "C:\Users\peang\AppData\Local\Programs\Python\Python314\Lib\ctypes\__init__.py", line 462, in __init__
    self._handle = _dlopen(self._name, mode)
                   ~~~~~~~^^^^^^^^^^^^^^^^^^
FileNotFoundError: Could not find module 'C:\Users\peang\AppData\Local\Programs\Python\Python314\Lib\site-packages\torchcodec\libtorchcodec_core7.dll' (or one of its dependencies). Try using the full path with constructor syntax.

The above exception was the direct cause of the following exception:

Traceback (most recent call last):
  File "C:\Users\peang\AppData\Local\Programs\Python\Python314\Lib\site-packages\torchcodec\_internally_replaced_utils.py", line 132, in load_core_libraries
    torch.ops.load_library(core_library_path)
    ~~~~~~~~~~~~~~~~~~~~~~^^^^^^^^^^^^^^^^^^^
  File "C:\Users\peang\AppData\Local\Programs\Python\Python314\Lib\site-packages\torch\_ops.py", line 1589, in load_library
    raise OSError(f"Could not load this library: {path}") from e
OSError: Could not load this library: C:\Users\peang\AppData\Local\Programs\Python\Python314\Lib\site-packages\torchcodec\libtorchcodec_core7.dll

FFmpeg version 6:
Traceback (most recent call last):
  File "C:\Users\peang\AppData\Local\Programs\Python\Python314\Lib\site-packages\torch\_ops.py", line 1587, in load_library
    ctypes.CDLL(path)
    ~~~~~~~~~~~^^^^^^
  File "C:\Users\peang\AppData\Local\Programs\Python\Python314\Lib\ctypes\__init__.py", line 462, in __init__
    self._handle = _dlopen(self._name, mode)
                   ~~~~~~~^^^^^^^^^^^^^^^^^^
FileNotFoundError: Could not find module 'C:\Users\peang\AppData\Local\Programs\Python\Python314\Lib\site-packages\torchcodec\libtorchcodec_core6.dll' (or one of its dependencies). Try using the full path with constructor syntax.

The above exception was the direct cause of the following exception:

Traceback (most recent call last):
  File "C:\Users\peang\AppData\Local\Programs\Python\Python314\Lib\site-packages\torchcodec\_internally_replaced_utils.py", line 132, in load_core_libraries
    torch.ops.load_library(core_library_path)
    ~~~~~~~~~~~~~~~~~~~~~~^^^^^^^^^^^^^^^^^^^
  File "C:\Users\peang\AppData\Local\Programs\Python\Python314\Lib\site-packages\torch\_ops.py", line 1589, in load_library
    raise OSError(f"Could not load this library: {path}") from e
OSError: Could not load this library: C:\Users\peang\AppData\Local\Programs\Python\Python314\Lib\site-packages\torchcodec\libtorchcodec_core6.dll

FFmpeg version 5:
Traceback (most recent call last):
  File "C:\Users\peang\AppData\Local\Programs\Python\Python314\Lib\site-packages\torch\_ops.py", line 1587, in load_library
    ctypes.CDLL(path)
    ~~~~~~~~~~~^^^^^^
  File "C:\Users\peang\AppData\Local\Programs\Python\Python314\Lib\ctypes\__init__.py", line 462, in __init__
    self._handle = _dlopen(self._name, mode)
                   ~~~~~~~^^^^^^^^^^^^^^^^^^
FileNotFoundError: Could not find module 'C:\Users\peang\AppData\Local\Programs\Python\Python314\Lib\site-packages\torchcodec\libtorchcodec_core5.dll' (or one of its dependencies). Try using the full path with constructor syntax.

The above exception was the direct cause of the following exception:

Traceback (most recent call last):
  File "C:\Users\peang\AppData\Local\Programs\Python\Python314\Lib\site-packages\torchcodec\_internally_replaced_utils.py", line 132, in load_core_libraries
    torch.ops.load_library(core_library_path)
    ~~~~~~~~~~~~~~~~~~~~~~^^^^^^^^^^^^^^^^^^^
  File "C:\Users\peang\AppData\Local\Programs\Python\Python314\Lib\site-packages\torch\_ops.py", line 1589, in load_library
    raise OSError(f"Could not load this library: {path}") from e
OSError: Could not load this library: C:\Users\peang\AppData\Local\Programs\Python\Python314\Lib\site-packages\torchcodec\libtorchcodec_core5.dll

FFmpeg version 4:
Traceback (most recent call last):
  File "C:\Users\peang\AppData\Local\Programs\Python\Python314\Lib\site-packages\torch\_ops.py", line 1587, in load_library
    ctypes.CDLL(path)
    ~~~~~~~~~~~^^^^^^
  File "C:\Users\peang\AppData\Local\Programs\Python\Python314\Lib\ctypes\__init__.py", line 462, in __init__
    self._handle = _dlopen(self._name, mode)
                   ~~~~~~~^^^^^^^^^^^^^^^^^^
FileNotFoundError: Could not find module 'C:\Users\peang\AppData\Local\Programs\Python\Python314\Lib\site-packages\torchcodec\libtorchcodec_core4.dll' (or one of its dependencies). Try using the full path with constructor syntax.

The above exception was the direct cause of the following exception:

Traceback (most recent call last):
  File "C:\Users\peang\AppData\Local\Programs\Python\Python314\Lib\site-packages\torchcodec\_internally_replaced_utils.py", line 132, in load_core_libraries
    torch.ops.load_library(core_library_path)
    ~~~~~~~~~~~~~~~~~~~~~~^^^^^^^^^^^^^^^^^^^
  File "C:\Users\peang\AppData\Local\Programs\Python\Python314\Lib\site-packages\torch\_ops.py", line 1589, in load_library
    raise OSError(f"Could not load this library: {path}") from e
OSError: Could not load this library: C:\Users\peang\AppData\Local\Programs\Python\Python314\Lib\site-packages\torchcodec\libtorchcodec_core4.dll
[end of libtorchcodec loading traceback].

The above exception was the direct cause of the following exception:

Traceback (most recent call last):
  File "C:\Users\peang\Downloads\The-GREAT-SAGE-OPTIMIZED-v4\fullopt\great_sage\server.py", line 860, in _handle_chat
    voice.speak(cap_for_speech(speakable("".join(reply_chunks))))
    ~~~~~~~~~~~^^^^^^^^^^^^^^^^^^^^^^^^^^^^^^^^^^^^^^^^^^^^^^^^^^
  File "C:\Users\peang\Downloads\The-GREAT-SAGE-OPTIMIZED-v4\fullopt\great_sage\voice\f5_tts_engine.py", line 582, in speak
    self._speak_tts_segment(payload)
    ~~~~~~~~~~~~~~~~~~~~~~~^^^^^^^^^
  File "C:\Users\peang\Downloads\The-GREAT-SAGE-OPTIMIZED-v4\fullopt\great_sage\voice\f5_tts_engine.py", line 486, in _speak_tts_segment
    samples, rate = self.generate(spoken)
                    ~~~~~~~~~~~~~^^^^^^^^
  File "C:\Users\peang\Downloads\The-GREAT-SAGE-OPTIMIZED-v4\fullopt\great_sage\voice\f5_tts_engine.py", line 415, in generate
    wav, rate = self._generate_once(pieces[0])
                ~~~~~~~~~~~~~~~~~~~^^^^^^^^^^^
  File "C:\Users\peang\Downloads\The-GREAT-SAGE-OPTIMIZED-v4\fullopt\great_sage\voice\f5_tts_engine.py", line 394, in _generate_once
    raise VoiceError(f"F5-TTS synthesis failed: {exc}") from exc
great_sage.voice.base.VoiceError: F5-TTS synthesis failed: Failed to create AudioDecoder for C:\Users\peang\AppData\Local\Temp\tmpwwnr5q7d.wav: Could not load libtorchcodec. Likely causes:
          1. FFmpeg is not properly installed in your environment. We support
             versions 4, 5, 6, 7, 8, and 9, and we attempt to load libtorchcodec
             for each of those versions. Errors for versions not installed on
             your system are expected; only the error for your installed FFmpeg
             version is relevant. On Windows, ensure you've installed the
             "full-shared" version which ships DLLs.
          2. The PyTorch version (2.14.0+cu130) is not compatible with
             this version of TorchCodec. Refer to the version compatibility
             table:
             https://github.com/pytorch/torchcodec?tab=readme-ov-file#installing-torchcodec.
          3. Another runtime dependency; see exceptions below.

        The following exceptions were raised as we tried to load libtorchcodec:
        
[start of libtorchcodec loading traceback]
FFmpeg version 9:
Traceback (most recent call last):
  File "C:\Users\peang\AppData\Local\Programs\Python\Python314\Lib\site-packages\torch\_ops.py", line 1587, in load_library
    ctypes.CDLL(path)
    ~~~~~~~~~~~^^^^^^
  File "C:\Users\peang\AppData\Local\Programs\Python\Python314\Lib\ctypes\__init__.py", line 462, in __init__
    self._handle = _dlopen(self._name, mode)
                   ~~~~~~~^^^^^^^^^^^^^^^^^^
FileNotFoundError: Could not find module 'C:\Users\peang\AppData\Local\Programs\Python\Python314\Lib\site-packages\torchcodec\libtorchcodec_core9.dll' (or one of its dependencies). Try using the full path with constructor syntax.

The above exception was the direct cause of the following exception:

Traceback (most recent call last):
  File "C:\Users\peang\AppData\Local\Programs\Python\Python314\Lib\site-packages\torchcodec\_internally_replaced_utils.py", line 132, in load_core_libraries
    torch.ops.load_library(core_library_path)
    ~~~~~~~~~~~~~~~~~~~~~~^^^^^^^^^^^^^^^^^^^
  File "C:\Users\peang\AppData\Local\Programs\Python\Python314\Lib\site-packages\torch\_ops.py", line 1589, in load_library
    raise OSError(f"Could not load this library: {path}") from e
OSError: Could not load this library: C:\Users\peang\AppData\Local\Programs\Python\Python314\Lib\site-packages\torchcodec\libtorchcodec_core9.dll

FFmpeg version 8:
Traceback (most recent call last):
  File "C:\Users\peang\AppData\Local\Programs\Python\Python314\Lib\site-packages\torch\_ops.py", line 1587, in load_library
    ctypes.CDLL(path)
    ~~~~~~~~~~~^^^^^^
  File "C:\Users\peang\AppData\Local\Programs\Python\Python314\Lib\ctypes\__init__.py", line 462, in __init__
    self._handle = _dlopen(self._name, mode)
                   ~~~~~~~^^^^^^^^^^^^^^^^^^
FileNotFoundError: Could not find module 'C:\Users\peang\AppData\Local\Programs\Python\Python314\Lib\site-packages\torchcodec\libtorchcodec_core8.dll' (or one of its dependencies). Try using the full path with constructor syntax.

The above exception was the direct cause of the following exception:

Traceback (most recent call last):
  File "C:\Users\peang\AppData\Local\Programs\Python\Python314\Lib\site-packages\torchcodec\_internally_replaced_utils.py", line 132, in load_core_libraries
    torch.ops.load_library(core_library_path)
    ~~~~~~~~~~~~~~~~~~~~~~^^^^^^^^^^^^^^^^^^^
  File "C:\Users\peang\AppData\Local\Programs\Python\Python314\Lib\site-packages\torch\_ops.py", line 1589, in load_library
    raise OSError(f"Could not load this library: {path}") from e
OSError: Could not load this library: C:\Users\peang\AppData\Local\Programs\Python\Python314\Lib\site-packages\torchcodec\libtorchcodec_core8.dll

FFmpeg version 7:
Traceback (most recent call last):
  File "C:\Users\peang\AppData\Local\Programs\Python\Python314\Lib\site-packages\torch\_ops.py", line 1587, in load_library
    ctypes.CDLL(path)
    ~~~~~~~~~~~^^^^^^
  File "C:\Users\peang\AppData\Local\Programs\Python\Python314\Lib\ctypes\__init__.py", line 462, in __init__
    self._handle = _dlopen(self._name, mode)
                   ~~~~~~~^^^^^^^^^^^^^^^^^^
FileNotFoundError: Could not find module 'C:\Users\peang\AppData\Local\Programs\Python\Python314\Lib\site-packages\torchcodec\libtorchcodec_core7.dll' (or one of its dependencies). Try using the full path with constructor syntax.

The above exception was the direct cause of the following exception:

Traceback (most recent call last):
  File "C:\Users\peang\AppData\Local\Programs\Python\Python314\Lib\site-packages\torchcodec\_internally_replaced_utils.py", line 132, in load_core_libraries
    torch.ops.load_library(core_library_path)
    ~~~~~~~~~~~~~~~~~~~~~~^^^^^^^^^^^^^^^^^^^
  File "C:\Users\peang\AppData\Local\Programs\Python\Python314\Lib\site-packages\torch\_ops.py", line 1589, in load_library
    raise OSError(f"Could not load this library: {path}") from e
OSError: Could not load this library: C:\Users\peang\AppData\Local\Programs\Python\Python314\Lib\site-packages\torchcodec\libtorchcodec_core7.dll

FFmpeg version 6:
Traceback (most recent call last):
  File "C:\Users\peang\AppData\Local\Programs\Python\Python314\Lib\site-packages\torch\_ops.py", line 1587, in load_library
    ctypes.CDLL(path)
    ~~~~~~~~~~~^^^^^^
  File "C:\Users\peang\AppData\Local\Programs\Python\Python314\Lib\ctypes\__init__.py", line 462, in __init__
    self._handle = _dlopen(self._name, mode)
                   ~~~~~~~^^^^^^^^^^^^^^^^^^
FileNotFoundError: Could not find module 'C:\Users\peang\AppData\Local\Programs\Python\Python314\Lib\site-packages\torchcodec\libtorchcodec_core6.dll' (or one of its dependencies). Try using the full path with constructor syntax.

The above exception was the direct cause of the following exception:

Traceback (most recent call last):
  File "C:\Users\peang\AppData\Local\Programs\Python\Python314\Lib\site-packages\torchcodec\_internally_replaced_utils.py", line 132, in load_core_libraries
    torch.ops.load_library(core_library_path)
    ~~~~~~~~~~~~~~~~~~~~~~^^^^^^^^^^^^^^^^^^^
  File "C:\Users\peang\AppData\Local\Programs\Python\Python314\Lib\site-packages\torch\_ops.py", line 1589, in load_library
    raise OSError(f"Could not load this library: {path}") from e
OSError: Could not load this library: C:\Users\peang\AppData\Local\Programs\Python\Python314\Lib\site-packages\torchcodec\libtorchcodec_core6.dll

FFmpeg version 5:
Traceback (most recent call last):
  File "C:\Users\peang\AppData\Local\Programs\Python\Python314\Lib\site-packages\torch\_ops.py", line 1587, in load_library
    ctypes.CDLL(path)
    ~~~~~~~~~~~^^^^^^
  File "C:\Users\peang\AppData\Local\Programs\Python\Python314\Lib\ctypes\__init__.py", line 462, in __init__
    self._handle = _dlopen(self._name, mode)
                   ~~~~~~~^^^^^^^^^^^^^^^^^^
FileNotFoundError: Could not find module 'C:\Users\peang\AppData\Local\Programs\Python\Python314\Lib\site-packages\torchcodec\libtorchcodec_core5.dll' (or one of its dependencies). Try using the full path with constructor syntax.

The above exception was the direct cause of the following exception:

Traceback (most recent call last):
  File "C:\Users\peang\AppData\Local\Programs\Python\Python314\Lib\site-packages\torchcodec\_internally_replaced_utils.py", line 132, in load_core_libraries
    torch.ops.load_library(core_library_path)
    ~~~~~~~~~~~~~~~~~~~~~~^^^^^^^^^^^^^^^^^^^
  File "C:\Users\peang\AppData\Local\Programs\Python\Python314\Lib\site-packages\torch\_ops.py", line 1589, in load_library
    raise OSError(f"Could not load this library: {path}") from e
OSError: Could not load this library: C:\Users\peang\AppData\Local\Programs\Python\Python314\Lib\site-packages\torchcodec\libtorchcodec_core5.dll

FFmpeg version 4:
Traceback (most recent call last):
  File "C:\Users\peang\AppData\Local\Programs\Python\Python314\Lib\site-packages\torch\_ops.py", line 1587, in load_library
    ctypes.CDLL(path)
    ~~~~~~~~~~~^^^^^^
  File "C:\Users\peang\AppData\Local\Programs\Python\Python314\Lib\ctypes\__init__.py", line 462, in __init__
    self._handle = _dlopen(self._name, mode)
                   ~~~~~~~^^^^^^^^^^^^^^^^^^
FileNotFoundError: Could not find module 'C:\Users\peang\AppData\Local\Programs\Python\Python314\Lib\site-packages\torchcodec\libtorchcodec_core4.dll' (or one of its dependencies). Try using the full path with constructor syntax.

The above exception was the direct cause of the following exception:

Traceback (most recent call last):
  File "C:\Users\peang\AppData\Local\Programs\Python\Python314\Lib\site-packages\torchcodec\_internally_replaced_utils.py", line 132, in load_core_libraries
    torch.ops.load_library(core_library_path)
    ~~~~~~~~~~~~~~~~~~~~~~^^^^^^^^^^^^^^^^^^^
  File "C:\Users\peang\AppData\Local\Programs\Python\Python314\Lib\site-packages\torch\_ops.py", line 1589, in load_library
    raise OSError(f"Could not load this library: {path}") from e
OSError: Could not load this library: C:\Users\peang\AppData\Local\Programs\Python\Python314\Lib\site-packages\torchcodec\libtorchcodec_core4.dll
[end of libtorchcodec loading traceback].
2026-09-26 12:37:59,996 [INFO] great_sage.core.metrics: timing Comment on vole | first_token=17.53s  text_done=17.78s  total=28.76s
2026-09-26 12:38:21,030 [INFO] great_sage.core.metrics: timing tu as asser a internet? | text_done=4.28s  total=4.28s
2026-09-26 12:38:50,900 [INFO] run_hud: Overlay process started (pid 6624)
2026-09-26 12:38:52,289 [INFO] websockets.server: connection open
2026-09-26 12:38:52,289 [INFO] great_sage.server: Client connected (::1:54153) ike Gecko) QtWebEngine/6.11.2 Chrome/140.0.0.0 Safari/537.36
2026-09-26 12:38:52,290 [INFO] great_sage.server: Restored 1 saved chat(s)
2026-09-26 12:38:52,300 [INFO] great_sage.server: Mode: COMPANION (model resident=True, hud fps=normal, wake word=True, web=True, online=True)
2026-09-26 12:38:52,381 [INFO] great_sage.server: Client is the overlay
2026-09-26 12:38:52,393 [ERROR] great_sage.server: PAGE ERROR: Uncaught SyntaxError: Failed to set a named property 'origaria-label' on 'DOMStringMap': 'origaria-label' is not a valid property name. | file:///C:/Users/peang/Downloads/The-GREAT-SAGE-OPTIMIZED-v4/fullopt/hud_prototype.html?mini=1:10974 SyntaxError: Failed to set a named property 'origaria-label' on 'DOMStringMap': 'origaria-label' is not a valid property name.
    at translateNode (file:///C:/Users/peang/Downloads/The-GREAT-SAGE-OPTIMIZED-v4/fullopt/hud_prototype.html?mini=1:10979:42)
    at translateNode (file:///C:/Users/peang/Downloads/The-GREAT-SAGE-OPTIMIZED-v4/fullopt/hud_prototype.html?mini=1:10979:42)
    at setLanguage (file:///C:/Users/peang/Downloads/The-GREAT-SAGE-OPTIMIZED-v4/fullopt/hud_prototype.html?mini=1:110
2026-09-26 12:38:52,481 [ERROR] great_sage.server: PAGE ERROR: Uncaught SyntaxError: Failed to set a named property 'origaria-label' on 'DOMStringMap': 'origaria-label' is not a valid property name. | file:///C:/Users/peang/Downloads/The-GREAT-SAGE-OPTIMIZED-v4/fullopt/hud_prototype.html?mini=1:10974 SyntaxError: Failed to set a named property 'origaria-label' on 'DOMStringMap': 'origaria-label' is not a valid property name.
    at translateNode (file:///C:/Users/peang/Downloads/The-GREAT-SAGE-OPTIMIZED-v4/fullopt/hud_prototype.html?mini=1:10979:42)
    at translateNode (file:///C:/Users/peang/Downloads/The-GREAT-SAGE-OPTIMIZED-v4/fullopt/hud_prototype.html?mini=1:10979:42)
    at setLanguage (file:///C:/Users/peang/Downloads/The-GREAT-SAGE-OPTIMIZED-v4/fullopt/hud_prototype.html?mini=1:110
2026-09-26 12:38:52,922 [INFO] great_sage.server: Interface sounds ready (12/12)
2026-09-26 12:38:53,084 [INFO] great_sage.server: Response language changed live: en
2026-09-26 12:38:53,084 [INFO] great_sage.server: Voice key is now alt+1 (works from any window)
2026-09-26 12:42:20,736 [INFO] great_sage.server: Client disconnected
2026-09-26 12:42:20,736 [INFO] great_sage.server: Voice routing falls back to the hud
2026-09-26 12:42:20,968 [INFO] run_hud: Overlay process exited (0); restoring the main window
2026-09-26 12:42:21,061 [INFO] run_hud: Main window raised and focused
2026-09-26 12:42:22,369 [INFO] great_sage.server: Client disconnected
2026-09-26 12:42:30,663 [INFO] great_sage.app: Great Sage starting (frozen=False, base=C:\Users\peang\Downloads\The-GREAT-SAGE-OPTIMIZED-v4\fullopt)
2026-09-26 12:42:30,684 [INFO] great_sage.app: Fast startup: recent successful preflight cached
2026-09-26 12:42:31,155 [INFO] run_hud: Starting Great Sage HUD
2026-09-26 12:42:32,976 [INFO] run_hud: Backend ready
2026-09-26 12:42:32,977 [INFO] great_sage.server: Response language restored: en
2026-09-26 12:42:32,978 [INFO] great_sage.server: Restored active voice: voice_a
2026-09-26 12:42:32,979 [INFO] great_sage.server: Restored voice FX settings
2026-09-26 12:42:32,984 [INFO] great_sage.server: Autonomy running (0 task(s) restored)
2026-09-26 12:42:32,986 [INFO] great_sage.server: Watching for fullscreen games (auto GAMING mode)
2026-09-26 12:42:32,995 [INFO] great_sage.core.global_hotkey: Global hotkey active: alt+1 (works from any window)
2026-09-26 12:42:32,996 [INFO] run_hud: Placed window centre at (1608,175) size 1904x1041
2026-09-26 12:42:33,002 [INFO] run_hud: Resize border on (style now 0x16050000)
2026-09-26 12:42:33,003 [INFO] run_hud: Host window background set to #070d14 (was the WinForms default, 240,240,240)
2026-09-26 12:42:33,017 [INFO] websockets.server: server listening on [::1]:8765
2026-09-26 12:42:33,017 [INFO] websockets.server: server listening on 127.0.0.1:8765
2026-09-26 12:42:33,018 [INFO] great_sage.server: WebSocket bridge listening on ws://localhost:8765
2026-09-26 12:42:34,884 [INFO] websockets.server: connection open
2026-09-26 12:42:34,885 [INFO] great_sage.server: Client connected (::1:54432) ML, like Gecko) Chrome/153.0.0.0 Safari/537.36 Edg/153.0.0.0
2026-09-26 12:42:34,885 [INFO] great_sage.server: Restored 1 saved chat(s)
2026-09-26 12:42:34,895 [INFO] great_sage.server: Mode: COMPANION (model resident=True, hud fps=normal, wake word=True, web=True, online=True)
2026-09-26 12:42:34,961 [INFO] great_sage.server: Client is the hud
2026-09-26 12:42:34,961 [INFO] great_sage.server: Interface sounds ready (12/12)
2026-09-26 12:42:34,965 [ERROR] great_sage.server: PAGE ERROR: Uncaught SyntaxError: Failed to set a named property 'origaria-label' on 'DOMStringMap': 'origaria-label' is not a valid property name. | http://127.0.0.1:27214/hud_prototype.html:10974 SyntaxError: Failed to set a named property 'origaria-label' on 'DOMStringMap': 'origaria-label' is not a valid property name.
    at translateNode (http://127.0.0.1:27214/hud_prototype.html:10979:42)
    at translateNode (http://127.0.0.1:27214/hud_prototype.html:10979:42)
    at setLanguage (http://127.0.0.1:27214/hud_prototype.html:11003:5)
    at applySettings (http://127.0.0.1:27214/hud_prototype.html:9911:16)
    at WebSocket.handleServerMessage (http://127.0.0.1:27214/hud_prototype.html:6842:7)
2026-09-26 12:42:35,569 [INFO] great_sage.server: Response language changed live: en
2026-09-26 12:42:35,570 [INFO] great_sage.server: Voice key is now alt+1 (works from any window)
2026-09-26 12:42:41,665 [INFO] great_sage.server: Voice key down: listening (mode COMPANION)
2026-09-26 12:42:43,495 [INFO] great_sage.server: Voice key up: transcribing
2026-09-26 12:42:43,530 [INFO] great_sage.voice.speech_to_text: Registered CUDA DLL directory: C:\Users\peang\AppData\Local\Programs\Python\Python314\Lib\site-packages\torch\lib
2026-09-26 12:42:43,531 [INFO] great_sage.voice.speech_to_text: Registered CUDA DLL directory: C:\Users\peang\AppData\Local\Programs\Python\Python314\Lib\site-packages\ctranslate2
2026-09-26 12:42:43,622 [INFO] great_sage.voice.speech_to_text: Loading Whisper profile: {'model': 'medium', 'device': 'cuda', 'compute_type': 'float16'}
2026-09-26 12:42:44,197 [INFO] httpx: HTTP Request: GET https://huggingface.co/api/models/Systran/faster-whisper-medium/revision/main "HTTP/1.1 200 OK"
2026-09-26 12:42:44,305 [INFO] httpx: HTTP Request: GET https://huggingface.co/api/models/Systran/faster-whisper-medium/tree/08e178d48790749d25932bbc082711ddcfdfbc4f?recursive=true&expand=false "HTTP/1.1 200 OK"
2026-09-26 12:42:44,414 [INFO] httpx: HTTP Request: HEAD https://huggingface.co/Systran/faster-whisper-medium/resolve/08e178d48790749d25932bbc082711ddcfdfbc4f/model.bin "HTTP/1.1 302 Found"
2026-09-26 12:42:44,415 [WARNING] huggingface_hub.utils._http: Warning: You are sending unauthenticated requests to the HF Hub. Please set a HF_TOKEN to enable higher rate limits and faster downloads.
2026-09-26 12:42:44,433 [INFO] httpx: HTTP Request: HEAD https://huggingface.co/Systran/faster-whisper-medium/resolve/08e178d48790749d25932bbc082711ddcfdfbc4f/tokenizer.json "HTTP/1.1 307 Temporary Redirect"
2026-09-26 12:42:44,437 [INFO] httpx: HTTP Request: HEAD https://huggingface.co/Systran/faster-whisper-medium/resolve/08e178d48790749d25932bbc082711ddcfdfbc4f/config.json "HTTP/1.1 307 Temporary Redirect"
2026-09-26 12:42:44,443 [INFO] httpx: HTTP Request: HEAD https://huggingface.co/Systran/faster-whisper-medium/resolve/08e178d48790749d25932bbc082711ddcfdfbc4f/vocabulary.txt "HTTP/1.1 307 Temporary Redirect"
2026-09-26 12:42:44,451 [INFO] httpx: HTTP Request: HEAD https://huggingface.co/api/resolve-cache/models/Systran/faster-whisper-medium/08e178d48790749d25932bbc082711ddcfdfbc4f/config.json?%2FSystran%2Ffaster-whisper-medium%2Fresolve%2F08e178d48790749d25932bbc082711ddcfdfbc4f%2Fconfig.json=&etag=%22242aa06a480a7b5509375c645097e87af5136774%22 "HTTP/1.1 200 OK"
2026-09-26 12:42:44,451 [INFO] httpx: HTTP Request: HEAD https://huggingface.co/api/resolve-cache/models/Systran/faster-whisper-medium/08e178d48790749d25932bbc082711ddcfdfbc4f/tokenizer.json?%2FSystran%2Ffaster-whisper-medium%2Fresolve%2F08e178d48790749d25932bbc082711ddcfdfbc4f%2Ftokenizer.json=&etag=%227818adb6de9fa3064d3ff81226fdd675be1f6344%22 "HTTP/1.1 200 OK"
2026-09-26 12:42:44,453 [INFO] httpx: HTTP Request: HEAD https://huggingface.co/api/resolve-cache/models/Systran/faster-whisper-medium/08e178d48790749d25932bbc082711ddcfdfbc4f/vocabulary.txt?%2FSystran%2Ffaster-whisper-medium%2Fresolve%2F08e178d48790749d25932bbc082711ddcfdfbc4f%2Fvocabulary.txt=&etag=%22c9074644d9d1205686f16d411564729461324b75%22 "HTTP/1.1 200 OK"
2026-09-26 12:42:44,463 [INFO] httpx: HTTP Request: GET https://huggingface.co/api/resolve-cache/models/Systran/faster-whisper-medium/08e178d48790749d25932bbc082711ddcfdfbc4f/config.json?%2FSystran%2Ffaster-whisper-medium%2Fresolve%2F08e178d48790749d25932bbc082711ddcfdfbc4f%2Fconfig.json=&etag=%22242aa06a480a7b5509375c645097e87af5136774%22 "HTTP/1.1 200 OK"
2026-09-26 12:42:44,463 [INFO] httpx: HTTP Request: GET https://huggingface.co/api/resolve-cache/models/Systran/faster-whisper-medium/08e178d48790749d25932bbc082711ddcfdfbc4f/tokenizer.json?%2FSystran%2Ffaster-whisper-medium%2Fresolve%2F08e178d48790749d25932bbc082711ddcfdfbc4f%2Ftokenizer.json=&etag=%227818adb6de9fa3064d3ff81226fdd675be1f6344%22 "HTTP/1.1 200 OK"
2026-09-26 12:42:44,469 [INFO] httpx: HTTP Request: GET https://huggingface.co/api/resolve-cache/models/Systran/faster-whisper-medium/08e178d48790749d25932bbc082711ddcfdfbc4f/vocabulary.txt?%2FSystran%2Ffaster-whisper-medium%2Fresolve%2F08e178d48790749d25932bbc082711ddcfdfbc4f%2Fvocabulary.txt=&etag=%22c9074644d9d1205686f16d411564729461324b75%22 "HTTP/1.1 200 OK"
2026-09-26 12:42:44,550 [INFO] httpx: HTTP Request: GET https://huggingface.co/api/models/Systran/faster-whisper-medium/xet-read-token/08e178d48790749d25932bbc082711ddcfdfbc4f "HTTP/1.1 200 OK"
2026-09-26 12:43:07,333 [INFO] great_sage.server: Resetting chat history
2026-09-26 12:43:11,630 [INFO] great_sage.server: Voice key down: listening (mode COMPANION)
2026-09-26 12:43:14,173 [INFO] great_sage.server: Voice key up: transcribing
2026-09-26 12:43:14,202 [INFO] great_sage.voice.speech_to_text: Loading Whisper profile: {'model': 'medium', 'device': 'cuda', 'compute_type': 'float16'}
2026-09-26 12:43:14,581 [INFO] httpx: HTTP Request: GET https://huggingface.co/api/models/Systran/faster-whisper-medium/revision/main "HTTP/1.1 200 OK"
2026-09-26 12:45:47,743 [INFO] great_sage.app: Great Sage starting (frozen=False, base=C:\Users\peang\Downloads\The-GREAT-SAGE-OPTIMIZED-v4\fullopt)
2026-09-26 12:45:47,758 [INFO] great_sage.app: Fast startup: recent successful preflight cached
2026-09-26 12:45:48,106 [CRITICAL] great_sage.app: Great Sage failed to start:
Traceback (most recent call last):
  File "C:\Users\peang\Downloads\The-GREAT-SAGE-OPTIMIZED-v4\fullopt\app.py", line 139, in <module>
    raise SystemExit(main())
                     ~~~~^^
  File "C:\Users\peang\Downloads\The-GREAT-SAGE-OPTIMIZED-v4\fullopt\app.py", line 128, in main
    rc = run_hud.main()
  File "C:\Users\peang\Downloads\The-GREAT-SAGE-OPTIMIZED-v4\fullopt\run_hud.py", line 639, in main
    from great_sage.server import run_server
  File "C:\Users\peang\Downloads\The-GREAT-SAGE-OPTIMIZED-v4\fullopt\great_sage\server.py", line 176, in <module>
    from great_sage.voice.speech_input import PushToTalkRecorder, WakeWordListener
  File "C:\Users\peang\Downloads\The-GREAT-SAGE-OPTIMIZED-v4\fullopt\great_sage\voice\speech_input.py", line 34, in <module>
    from great_sage.voice.speech_to_text import transcribe
  File "C:\Users\peang\Downloads\The-GREAT-SAGE-OPTIMIZED-v4\fullopt\great_sage\voice\speech_to_text.py", line 1
    ```python
    ^
SyntaxError: invalid syntax

2026-09-26 12:46:18,361 [INFO] great_sage.app: Great Sage starting (frozen=False, base=C:\Users\peang\Downloads\The-GREAT-SAGE-OPTIMIZED-v4\fullopt)
2026-09-26 12:46:18,376 [INFO] great_sage.app: Fast startup: recent successful preflight cached
2026-09-26 12:46:18,662 [INFO] run_hud: Starting Great Sage HUD
2026-09-26 12:46:20,299 [INFO] run_hud: Backend ready
2026-09-26 12:46:20,300 [INFO] great_sage.server: Response language restored: en
2026-09-26 12:46:20,300 [INFO] great_sage.server: Restored active voice: voice_a
2026-09-26 12:46:20,301 [INFO] great_sage.server: Restored voice FX settings
2026-09-26 12:46:20,303 [INFO] great_sage.server: Autonomy running (0 task(s) restored)
2026-09-26 12:46:20,304 [INFO] great_sage.server: Watching for fullscreen games (auto GAMING mode)
2026-09-26 12:46:20,305 [INFO] great_sage.core.global_hotkey: Global hotkey active: alt+1 (works from any window)
2026-09-26 12:46:20,317 [INFO] websockets.server: server listening on [::1]:8765
2026-09-26 12:46:20,317 [INFO] websockets.server: server listening on 127.0.0.1:8765
2026-09-26 12:46:20,317 [INFO] great_sage.server: WebSocket bridge listening on ws://localhost:8765
2026-09-26 12:46:20,575 [INFO] run_hud: Placed window centre at (1608,175) size 1904x1041
2026-09-26 12:46:20,579 [INFO] run_hud: Resize border on (style now 0x16050000)
2026-09-26 12:46:20,581 [INFO] run_hud: Host window background set to #070d14 (was the WinForms default, 240,240,240)
2026-09-26 12:46:22,472 [INFO] websockets.server: connection open
2026-09-26 12:46:22,472 [INFO] great_sage.server: Client connected (::1:64786) ML, like Gecko) Chrome/153.0.0.0 Safari/537.36 Edg/153.0.0.0
2026-09-26 12:46:22,473 [INFO] great_sage.server: Restored 2 saved chat(s)
2026-09-26 12:46:22,482 [INFO] great_sage.server: Mode: COMPANION (model resident=True, hud fps=normal, wake word=True, web=True, online=True)
2026-09-26 12:46:22,537 [INFO] great_sage.server: Client is the hud
2026-09-26 12:46:22,537 [INFO] great_sage.server: Interface sounds ready (12/12)
2026-09-26 12:46:22,541 [ERROR] great_sage.server: PAGE ERROR: Uncaught SyntaxError: Failed to set a named property 'origaria-label' on 'DOMStringMap': 'origaria-label' is not a valid property name. | http://127.0.0.1:13259/hud_prototype.html:10974 SyntaxError: Failed to set a named property 'origaria-label' on 'DOMStringMap': 'origaria-label' is not a valid property name.
    at translateNode (http://127.0.0.1:13259/hud_prototype.html:10979:42)
    at translateNode (http://127.0.0.1:13259/hud_prototype.html:10979:42)
    at setLanguage (http://127.0.0.1:13259/hud_prototype.html:11003:5)
    at applySettings (http://127.0.0.1:13259/hud_prototype.html:9911:16)
    at WebSocket.handleServerMessage (http://127.0.0.1:13259/hud_prototype.html:6842:7)
2026-09-26 12:46:23,149 [INFO] great_sage.server: Response language changed live: en
2026-09-26 12:46:23,149 [INFO] great_sage.server: Voice key is now alt+1 (works from any window)
2026-09-26 12:46:28,300 [INFO] great_sage.server: Voice key down: listening (mode COMPANION)
2026-09-26 12:46:30,268 [INFO] great_sage.server: Voice key up: transcribing
2026-09-26 12:46:30,316 [INFO] great_sage.voice.speech_to_text: CUDA DLL directory registered: C:\Users\peang\AppData\Local\Programs\Python\Python314\Lib\site-packages\torch\lib
2026-09-26 12:46:30,316 [INFO] great_sage.voice.speech_to_text: CUDA DLL directory registered: C:\Users\peang\AppData\Local\Programs\Python\Python314\Lib\site-packages\ctranslate2
2026-09-26 12:46:30,381 [INFO] great_sage.voice.speech_to_text: Loading Whisper ONCE: {'model': 'small', 'device': 'cuda', 'compute_type': 'float16'}
2026-09-26 12:46:30,881 [INFO] httpx: HTTP Request: GET https://huggingface.co/api/models/Systran/faster-whisper-small/revision/main "HTTP/1.1 200 OK"
2026-09-26 12:46:31,858 [INFO] great_sage.voice.speech_to_text: Whisper model loaded and resident: {'model': 'small', 'device': 'cuda', 'compute_type': 'float16'}
2026-09-26 12:46:31,858 [INFO] faster_whisper: Processing audio with duration 00:01.924
2026-09-26 12:46:31,973 [INFO] faster_whisper: VAD filter removed 00:00.464 of audio
2026-09-26 12:46:31,980 [WARNING] great_sage.voice.speech_to_text: CUDA transcription failed: Library cublas64_12.dll is not found or cannot be loaded
2026-09-26 12:46:31,980 [WARNING] great_sage.voice.speech_to_text: Switching Whisper to CPU: {'model': 'small', 'device': 'cpu', 'compute_type': 'int8'}
2026-09-26 12:46:32,084 [INFO] httpx: HTTP Request: GET https://huggingface.co/api/models/Systran/faster-whisper-small/revision/main "HTTP/1.1 200 OK"
2026-09-26 12:46:32,802 [INFO] faster_whisper: Processing audio with duration 00:01.924
2026-09-26 12:46:32,805 [INFO] faster_whisper: VAD filter removed 00:00.464 of audio
2026-09-26 12:46:33,913 [INFO] great_sage.voice.speech_to_text: STT 1.92s -> 'Salut, comment tu vas ?'
2026-09-26 12:47:09,621 [INFO] great_sage.voice.f5_tts_engine: F5-TTS device: cuda
2026-09-26 12:47:09,765 [INFO] httpx: HTTP Request: HEAD https://huggingface.co/charactr/vocos-mel-24khz/resolve/main/config.yaml "HTTP/1.1 307 Temporary Redirect"
2026-09-26 12:47:09,775 [INFO] httpx: HTTP Request: HEAD https://huggingface.co/api/resolve-cache/models/charactr/vocos-mel-24khz/0feb3fdd929bcd6649e0e7c5a688cf7dd012ef21/config.yaml?%2Fcharactr%2Fvocos-mel-24khz%2Fresolve%2Fmain%2Fconfig.yaml=&etag=%22538262138a8b43863802f279909f26ec31c766b3%22 "HTTP/1.1 200 OK"
2026-09-26 12:47:09,883 [INFO] httpx: HTTP Request: HEAD https://huggingface.co/charactr/vocos-mel-24khz/resolve/main/pytorch_model.bin "HTTP/1.1 302 Found"
2026-09-26 12:47:09,884 [WARNING] huggingface_hub.utils._http: Warning: You are sending unauthenticated requests to the HF Hub. Please set a HF_TOKEN to enable higher rate limits and faster downloads.
2026-09-26 12:47:10,297 [INFO] httpx: HTTP Request: HEAD https://huggingface.co/SWivid/F5-TTS/resolve/main/F5TTS_v1_Base/model_1250000.safetensors "HTTP/1.1 302 Found"
2026-09-26 12:47:14,870 [ERROR] great_sage.server: Voice/audio error speaking reply to 'Salut, comment tu vas ?'
Traceback (most recent call last):
  File "C:\Users\peang\AppData\Local\Programs\Python\Python314\Lib\site-packages\torchaudio\_torchcodec.py", line 116, in load_with_torchcodec
    decoder = AudioDecoder(uri)
  File "C:\Users\peang\AppData\Local\Programs\Python\Python314\Lib\site-packages\torchcodec\decoders\_audio_decoder.py", line 73, in __init__
    ) = create_audio_decoder(
        ~~~~~~~~~~~~~~~~~~~~^
        source=source,
        ^^^^^^^^^^^^^^
    ...<3 lines>...
        num_channels=num_channels,
        ^^^^^^^^^^^^^^^^^^^^^^^^^^
    )
    ^
  File "C:\Users\peang\AppData\Local\Programs\Python\Python314\Lib\site-packages\torchcodec\_core\_decoder_utils.py", line 81, in create_audio_decoder
    decoder = create_decoder(source=source, seek_mode=seek_mode)
  File "C:\Users\peang\AppData\Local\Programs\Python\Python314\Lib\site-packages\torchcodec\_core\_decoder_utils.py", line 46, in create_decoder
    load_core_libraries()
    ~~~~~~~~~~~~~~~~~~~^^
  File "C:\Users\peang\AppData\Local\Programs\Python\Python314\Lib\site-packages\torchcodec\_internally_replaced_utils.py", line 145, in load_core_libraries
    raise RuntimeError(
    ...<16 lines>...
    )
RuntimeError: Could not load libtorchcodec. Likely causes:
          1. FFmpeg is not properly installed in your environment. We support
             versions 4, 5, 6, 7, 8, and 9, and we attempt to load libtorchcodec
             for each of those versions. Errors for versions not installed on
             your system are expected; only the error for your installed FFmpeg
             version is relevant. On Windows, ensure you've installed the
             "full-shared" version which ships DLLs.
          2. The PyTorch version (2.14.0+cu130) is not compatible with
             this version of TorchCodec. Refer to the version compatibility
             table:
             https://github.com/pytorch/torchcodec?tab=readme-ov-file#installing-torchcodec.
          3. Another runtime dependency; see exceptions below.

        The following exceptions were raised as we tried to load libtorchcodec:
        
[start of libtorchcodec loading traceback]
FFmpeg version 9:
Traceback (most recent call last):
  File "C:\Users\peang\AppData\Local\Programs\Python\Python314\Lib\site-packages\torch\_ops.py", line 1587, in load_library
    ctypes.CDLL(path)
    ~~~~~~~~~~~^^^^^^
  File "C:\Users\peang\AppData\Local\Programs\Python\Python314\Lib\ctypes\__init__.py", line 462, in __init__
    self._handle = _dlopen(self._name, mode)
                   ~~~~~~~^^^^^^^^^^^^^^^^^^
FileNotFoundError: Could not find module 'C:\Users\peang\AppData\Local\Programs\Python\Python314\Lib\site-packages\torchcodec\libtorchcodec_core9.dll' (or one of its dependencies). Try using the full path with constructor syntax.

The above exception was the direct cause of the following exception:

Traceback (most recent call last):
  File "C:\Users\peang\AppData\Local\Programs\Python\Python314\Lib\site-packages\torchcodec\_internally_replaced_utils.py", line 132, in load_core_libraries
    torch.ops.load_library(core_library_path)
    ~~~~~~~~~~~~~~~~~~~~~~^^^^^^^^^^^^^^^^^^^
  File "C:\Users\peang\AppData\Local\Programs\Python\Python314\Lib\site-packages\torch\_ops.py", line 1589, in load_library
    raise OSError(f"Could not load this library: {path}") from e
OSError: Could not load this library: C:\Users\peang\AppData\Local\Programs\Python\Python314\Lib\site-packages\torchcodec\libtorchcodec_core9.dll

FFmpeg version 8:
Traceback (most recent call last):
  File "C:\Users\peang\AppData\Local\Programs\Python\Python314\Lib\site-packages\torch\_ops.py", line 1587, in load_library
    ctypes.CDLL(path)
    ~~~~~~~~~~~^^^^^^
  File "C:\Users\peang\AppData\Local\Programs\Python\Python314\Lib\ctypes\__init__.py", line 462, in __init__
    self._handle = _dlopen(self._name, mode)
                   ~~~~~~~^^^^^^^^^^^^^^^^^^
FileNotFoundError: Could not find module 'C:\Users\peang\AppData\Local\Programs\Python\Python314\Lib\site-packages\torchcodec\libtorchcodec_core8.dll' (or one of its dependencies). Try using the full path with constructor syntax.

The above exception was the direct cause of the following exception:

Traceback (most recent call last):
  File "C:\Users\peang\AppData\Local\Programs\Python\Python314\Lib\site-packages\torchcodec\_internally_replaced_utils.py", line 132, in load_core_libraries
    torch.ops.load_library(core_library_path)
    ~~~~~~~~~~~~~~~~~~~~~~^^^^^^^^^^^^^^^^^^^
  File "C:\Users\peang\AppData\Local\Programs\Python\Python314\Lib\site-packages\torch\_ops.py", line 1589, in load_library
    raise OSError(f"Could not load this library: {path}") from e
OSError: Could not load this library: C:\Users\peang\AppData\Local\Programs\Python\Python314\Lib\site-packages\torchcodec\libtorchcodec_core8.dll

FFmpeg version 7:
Traceback (most recent call last):
  File "C:\Users\peang\AppData\Local\Programs\Python\Python314\Lib\site-packages\torch\_ops.py", line 1587, in load_library
    ctypes.CDLL(path)
    ~~~~~~~~~~~^^^^^^
  File "C:\Users\peang\AppData\Local\Programs\Python\Python314\Lib\ctypes\__init__.py", line 462, in __init__
    self._handle = _dlopen(self._name, mode)
                   ~~~~~~~^^^^^^^^^^^^^^^^^^
FileNotFoundError: Could not find module 'C:\Users\peang\AppData\Local\Programs\Python\Python314\Lib\site-packages\torchcodec\libtorchcodec_core7.dll' (or one of its dependencies). Try using the full path with constructor syntax.

The above exception was the direct cause of the following exception:

Traceback (most recent call last):
  File "C:\Users\peang\AppData\Local\Programs\Python\Python314\Lib\site-packages\torchcodec\_internally_replaced_utils.py", line 132, in load_core_libraries
    torch.ops.load_library(core_library_path)
    ~~~~~~~~~~~~~~~~~~~~~~^^^^^^^^^^^^^^^^^^^
  File "C:\Users\peang\AppData\Local\Programs\Python\Python314\Lib\site-packages\torch\_ops.py", line 1589, in load_library
    raise OSError(f"Could not load this library: {path}") from e
OSError: Could not load this library: C:\Users\peang\AppData\Local\Programs\Python\Python314\Lib\site-packages\torchcodec\libtorchcodec_core7.dll

FFmpeg version 6:
Traceback (most recent call last):
  File "C:\Users\peang\AppData\Local\Programs\Python\Python314\Lib\site-packages\torch\_ops.py", line 1587, in load_library
    ctypes.CDLL(path)
    ~~~~~~~~~~~^^^^^^
  File "C:\Users\peang\AppData\Local\Programs\Python\Python314\Lib\ctypes\__init__.py", line 462, in __init__
    self._handle = _dlopen(self._name, mode)
                   ~~~~~~~^^^^^^^^^^^^^^^^^^
FileNotFoundError: Could not find module 'C:\Users\peang\AppData\Local\Programs\Python\Python314\Lib\site-packages\torchcodec\libtorchcodec_core6.dll' (or one of its dependencies). Try using the full path with constructor syntax.

The above exception was the direct cause of the following exception:

Traceback (most recent call last):
  File "C:\Users\peang\AppData\Local\Programs\Python\Python314\Lib\site-packages\torchcodec\_internally_replaced_utils.py", line 132, in load_core_libraries
    torch.ops.load_library(core_library_path)
    ~~~~~~~~~~~~~~~~~~~~~~^^^^^^^^^^^^^^^^^^^
  File "C:\Users\peang\AppData\Local\Programs\Python\Python314\Lib\site-packages\torch\_ops.py", line 1589, in load_library
    raise OSError(f"Could not load this library: {path}") from e
OSError: Could not load this library: C:\Users\peang\AppData\Local\Programs\Python\Python314\Lib\site-packages\torchcodec\libtorchcodec_core6.dll

FFmpeg version 5:
Traceback (most recent call last):
  File "C:\Users\peang\AppData\Local\Programs\Python\Python314\Lib\site-packages\torch\_ops.py", line 1587, in load_library
    ctypes.CDLL(path)
    ~~~~~~~~~~~^^^^^^
  File "C:\Users\peang\AppData\Local\Programs\Python\Python314\Lib\ctypes\__init__.py", line 462, in __init__
    self._handle = _dlopen(self._name, mode)
                   ~~~~~~~^^^^^^^^^^^^^^^^^^
FileNotFoundError: Could not find module 'C:\Users\peang\AppData\Local\Programs\Python\Python314\Lib\site-packages\torchcodec\libtorchcodec_core5.dll' (or one of its dependencies). Try using the full path with constructor syntax.

The above exception was the direct cause of the following exception:

Traceback (most recent call last):
  File "C:\Users\peang\AppData\Local\Programs\Python\Python314\Lib\site-packages\torchcodec\_internally_replaced_utils.py", line 132, in load_core_libraries
    torch.ops.load_library(core_library_path)
    ~~~~~~~~~~~~~~~~~~~~~~^^^^^^^^^^^^^^^^^^^
  File "C:\Users\peang\AppData\Local\Programs\Python\Python314\Lib\site-packages\torch\_ops.py", line 1589, in load_library
    raise OSError(f"Could not load this library: {path}") from e
OSError: Could not load this library: C:\Users\peang\AppData\Local\Programs\Python\Python314\Lib\site-packages\torchcodec\libtorchcodec_core5.dll

FFmpeg version 4:
Traceback (most recent call last):
  File "C:\Users\peang\AppData\Local\Programs\Python\Python314\Lib\site-packages\torch\_ops.py", line 1587, in load_library
    ctypes.CDLL(path)
    ~~~~~~~~~~~^^^^^^
  File "C:\Users\peang\AppData\Local\Programs\Python\Python314\Lib\ctypes\__init__.py", line 462, in __init__
    self._handle = _dlopen(self._name, mode)
                   ~~~~~~~^^^^^^^^^^^^^^^^^^
FileNotFoundError: Could not find module 'C:\Users\peang\AppData\Local\Programs\Python\Python314\Lib\site-packages\torchcodec\libtorchcodec_core4.dll' (or one of its dependencies). Try using the full path with constructor syntax.

The above exception was the direct cause of the following exception:

Traceback (most recent call last):
  File "C:\Users\peang\AppData\Local\Programs\Python\Python314\Lib\site-packages\torchcodec\_internally_replaced_utils.py", line 132, in load_core_libraries
    torch.ops.load_library(core_library_path)
    ~~~~~~~~~~~~~~~~~~~~~~^^^^^^^^^^^^^^^^^^^
  File "C:\Users\peang\AppData\Local\Programs\Python\Python314\Lib\site-packages\torch\_ops.py", line 1589, in load_library
    raise OSError(f"Could not load this library: {path}") from e
OSError: Could not load this library: C:\Users\peang\AppData\Local\Programs\Python\Python314\Lib\site-packages\torchcodec\libtorchcodec_core4.dll
[end of libtorchcodec loading traceback].

The above exception was the direct cause of the following exception:

Traceback (most recent call last):
  File "C:\Users\peang\Downloads\The-GREAT-SAGE-OPTIMIZED-v4\fullopt\great_sage\voice\f5_tts_engine.py", line 385, in _generate_once
    wav, sample_rate, _ = self._infer_process(
                          ~~~~~~~~~~~~~~~~~~~^
        ref_audio, ref_text, text,
        ^^^^^^^^^^^^^^^^^^^^^^^^^^
    ...<4 lines>...
        device=self._api.device,
        ^^^^^^^^^^^^^^^^^^^^^^^^
    )
    ^
  File "C:\Users\peang\AppData\Local\Programs\Python\Python314\Lib\site-packages\f5_tts\infer\utils_infer.py", line 403, in infer_process
    audio, sr = torchaudio.load(ref_audio)
                ~~~~~~~~~~~~~~~^^^^^^^^^^^
  File "C:\Users\peang\AppData\Local\Programs\Python\Python314\Lib\site-packages\torchaudio\__init__.py", line 86, in load
    return load_with_torchcodec(
        uri,
    ...<6 lines>...
        backend=backend,
    )
  File "C:\Users\peang\AppData\Local\Programs\Python\Python314\Lib\site-packages\torchaudio\_torchcodec.py", line 118, in load_with_torchcodec
    raise RuntimeError(f"Failed to create AudioDecoder for {uri}: {e}") from e
RuntimeError: Failed to create AudioDecoder for C:\Users\peang\AppData\Local\Temp\tmp812cl851.wav: Could not load libtorchcodec. Likely causes:
          1. FFmpeg is not properly installed in your environment. We support
             versions 4, 5, 6, 7, 8, and 9, and we attempt to load libtorchcodec
             for each of those versions. Errors for versions not installed on
             your system are expected; only the error for your installed FFmpeg
             version is relevant. On Windows, ensure you've installed the
             "full-shared" version which ships DLLs.
          2. The PyTorch version (2.14.0+cu130) is not compatible with
             this version of TorchCodec. Refer to the version compatibility
             table:
             https://github.com/pytorch/torchcodec?tab=readme-ov-file#installing-torchcodec.
          3. Another runtime dependency; see exceptions below.

        The following exceptions were raised as we tried to load libtorchcodec:
        
[start of libtorchcodec loading traceback]
FFmpeg version 9:
Traceback (most recent call last):
  File "C:\Users\peang\AppData\Local\Programs\Python\Python314\Lib\site-packages\torch\_ops.py", line 1587, in load_library
    ctypes.CDLL(path)
    ~~~~~~~~~~~^^^^^^
  File "C:\Users\peang\AppData\Local\Programs\Python\Python314\Lib\ctypes\__init__.py", line 462, in __init__
    self._handle = _dlopen(self._name, mode)
                   ~~~~~~~^^^^^^^^^^^^^^^^^^
FileNotFoundError: Could not find module 'C:\Users\peang\AppData\Local\Programs\Python\Python314\Lib\site-packages\torchcodec\libtorchcodec_core9.dll' (or one of its dependencies). Try using the full path with constructor syntax.

The above exception was the direct cause of the following exception:

Traceback (most recent call last):
  File "C:\Users\peang\AppData\Local\Programs\Python\Python314\Lib\site-packages\torchcodec\_internally_replaced_utils.py", line 132, in load_core_libraries
    torch.ops.load_library(core_library_path)
    ~~~~~~~~~~~~~~~~~~~~~~^^^^^^^^^^^^^^^^^^^
  File "C:\Users\peang\AppData\Local\Programs\Python\Python314\Lib\site-packages\torch\_ops.py", line 1589, in load_library
    raise OSError(f"Could not load this library: {path}") from e
OSError: Could not load this library: C:\Users\peang\AppData\Local\Programs\Python\Python314\Lib\site-packages\torchcodec\libtorchcodec_core9.dll

FFmpeg version 8:
Traceback (most recent call last):
  File "C:\Users\peang\AppData\Local\Programs\Python\Python314\Lib\site-packages\torch\_ops.py", line 1587, in load_library
    ctypes.CDLL(path)
    ~~~~~~~~~~~^^^^^^
  File "C:\Users\peang\AppData\Local\Programs\Python\Python314\Lib\ctypes\__init__.py", line 462, in __init__
    self._handle = _dlopen(self._name, mode)
                   ~~~~~~~^^^^^^^^^^^^^^^^^^
FileNotFoundError: Could not find module 'C:\Users\peang\AppData\Local\Programs\Python\Python314\Lib\site-packages\torchcodec\libtorchcodec_core8.dll' (or one of its dependencies). Try using the full path with constructor syntax.

The above exception was the direct cause of the following exception:

Traceback (most recent call last):
  File "C:\Users\peang\AppData\Local\Programs\Python\Python314\Lib\site-packages\torchcodec\_internally_replaced_utils.py", line 132, in load_core_libraries
    torch.ops.load_library(core_library_path)
    ~~~~~~~~~~~~~~~~~~~~~~^^^^^^^^^^^^^^^^^^^
  File "C:\Users\peang\AppData\Local\Programs\Python\Python314\Lib\site-packages\torch\_ops.py", line 1589, in load_library
    raise OSError(f"Could not load this library: {path}") from e
OSError: Could not load this library: C:\Users\peang\AppData\Local\Programs\Python\Python314\Lib\site-packages\torchcodec\libtorchcodec_core8.dll

FFmpeg version 7:
Traceback (most recent call last):
  File "C:\Users\peang\AppData\Local\Programs\Python\Python314\Lib\site-packages\torch\_ops.py", line 1587, in load_library
    ctypes.CDLL(path)
    ~~~~~~~~~~~^^^^^^
  File "C:\Users\peang\AppData\Local\Programs\Python\Python314\Lib\ctypes\__init__.py", line 462, in __init__
    self._handle = _dlopen(self._name, mode)
                   ~~~~~~~^^^^^^^^^^^^^^^^^^
FileNotFoundError: Could not find module 'C:\Users\peang\AppData\Local\Programs\Python\Python314\Lib\site-packages\torchcodec\libtorchcodec_core7.dll' (or one of its dependencies). Try using the full path with constructor syntax.

The above exception was the direct cause of the following exception:

Traceback (most recent call last):
  File "C:\Users\peang\AppData\Local\Programs\Python\Python314\Lib\site-packages\torchcodec\_internally_replaced_utils.py", line 132, in load_core_libraries
    torch.ops.load_library(core_library_path)
    ~~~~~~~~~~~~~~~~~~~~~~^^^^^^^^^^^^^^^^^^^
  File "C:\Users\peang\AppData\Local\Programs\Python\Python314\Lib\site-packages\torch\_ops.py", line 1589, in load_library
    raise OSError(f"Could not load this library: {path}") from e
OSError: Could not load this library: C:\Users\peang\AppData\Local\Programs\Python\Python314\Lib\site-packages\torchcodec\libtorchcodec_core7.dll

FFmpeg version 6:
Traceback (most recent call last):
  File "C:\Users\peang\AppData\Local\Programs\Python\Python314\Lib\site-packages\torch\_ops.py", line 1587, in load_library
    ctypes.CDLL(path)
    ~~~~~~~~~~~^^^^^^
  File "C:\Users\peang\AppData\Local\Programs\Python\Python314\Lib\ctypes\__init__.py", line 462, in __init__
    self._handle = _dlopen(self._name, mode)
                   ~~~~~~~^^^^^^^^^^^^^^^^^^
FileNotFoundError: Could not find module 'C:\Users\peang\AppData\Local\Programs\Python\Python314\Lib\site-packages\torchcodec\libtorchcodec_core6.dll' (or one of its dependencies). Try using the full path with constructor syntax.

The above exception was the direct cause of the following exception:

Traceback (most recent call last):
  File "C:\Users\peang\AppData\Local\Programs\Python\Python314\Lib\site-packages\torchcodec\_internally_replaced_utils.py", line 132, in load_core_libraries
    torch.ops.load_library(core_library_path)
    ~~~~~~~~~~~~~~~~~~~~~~^^^^^^^^^^^^^^^^^^^
  File "C:\Users\peang\AppData\Local\Programs\Python\Python314\Lib\site-packages\torch\_ops.py", line 1589, in load_library
    raise OSError(f"Could not load this library: {path}") from e
OSError: Could not load this library: C:\Users\peang\AppData\Local\Programs\Python\Python314\Lib\site-packages\torchcodec\libtorchcodec_core6.dll

FFmpeg version 5:
Traceback (most recent call last):
  File "C:\Users\peang\AppData\Local\Programs\Python\Python314\Lib\site-packages\torch\_ops.py", line 1587, in load_library
    ctypes.CDLL(path)
    ~~~~~~~~~~~^^^^^^
  File "C:\Users\peang\AppData\Local\Programs\Python\Python314\Lib\ctypes\__init__.py", line 462, in __init__
    self._handle = _dlopen(self._name, mode)
                   ~~~~~~~^^^^^^^^^^^^^^^^^^
FileNotFoundError: Could not find module 'C:\Users\peang\AppData\Local\Programs\Python\Python314\Lib\site-packages\torchcodec\libtorchcodec_core5.dll' (or one of its dependencies). Try using the full path with constructor syntax.

The above exception was the direct cause of the following exception:

Traceback (most recent call last):
  File "C:\Users\peang\AppData\Local\Programs\Python\Python314\Lib\site-packages\torchcodec\_internally_replaced_utils.py", line 132, in load_core_libraries
    torch.ops.load_library(core_library_path)
    ~~~~~~~~~~~~~~~~~~~~~~^^^^^^^^^^^^^^^^^^^
  File "C:\Users\peang\AppData\Local\Programs\Python\Python314\Lib\site-packages\torch\_ops.py", line 1589, in load_library
    raise OSError(f"Could not load this library: {path}") from e
OSError: Could not load this library: C:\Users\peang\AppData\Local\Programs\Python\Python314\Lib\site-packages\torchcodec\libtorchcodec_core5.dll

FFmpeg version 4:
Traceback (most recent call last):
  File "C:\Users\peang\AppData\Local\Programs\Python\Python314\Lib\site-packages\torch\_ops.py", line 1587, in load_library
    ctypes.CDLL(path)
    ~~~~~~~~~~~^^^^^^
  File "C:\Users\peang\AppData\Local\Programs\Python\Python314\Lib\ctypes\__init__.py", line 462, in __init__
    self._handle = _dlopen(self._name, mode)
                   ~~~~~~~^^^^^^^^^^^^^^^^^^
FileNotFoundError: Could not find module 'C:\Users\peang\AppData\Local\Programs\Python\Python314\Lib\site-packages\torchcodec\libtorchcodec_core4.dll' (or one of its dependencies). Try using the full path with constructor syntax.

The above exception was the direct cause of the following exception:

Traceback (most recent call last):
  File "C:\Users\peang\AppData\Local\Programs\Python\Python314\Lib\site-packages\torchcodec\_internally_replaced_utils.py", line 132, in load_core_libraries
    torch.ops.load_library(core_library_path)
    ~~~~~~~~~~~~~~~~~~~~~~^^^^^^^^^^^^^^^^^^^
  File "C:\Users\peang\AppData\Local\Programs\Python\Python314\Lib\site-packages\torch\_ops.py", line 1589, in load_library
    raise OSError(f"Could not load this library: {path}") from e
OSError: Could not load this library: C:\Users\peang\AppData\Local\Programs\Python\Python314\Lib\site-packages\torchcodec\libtorchcodec_core4.dll
[end of libtorchcodec loading traceback].

The above exception was the direct cause of the following exception:

Traceback (most recent call last):
  File "C:\Users\peang\Downloads\The-GREAT-SAGE-OPTIMIZED-v4\fullopt\great_sage\server.py", line 860, in _handle_chat
    voice.speak(cap_for_speech(speakable("".join(reply_chunks))))
    ~~~~~~~~~~~^^^^^^^^^^^^^^^^^^^^^^^^^^^^^^^^^^^^^^^^^^^^^^^^^^
  File "C:\Users\peang\Downloads\The-GREAT-SAGE-OPTIMIZED-v4\fullopt\great_sage\voice\f5_tts_engine.py", line 582, in speak
    self._speak_tts_segment(payload)
    ~~~~~~~~~~~~~~~~~~~~~~~^^^^^^^^^
  File "C:\Users\peang\Downloads\The-GREAT-SAGE-OPTIMIZED-v4\fullopt\great_sage\voice\f5_tts_engine.py", line 486, in _speak_tts_segment
    samples, rate = self.generate(spoken)
                    ~~~~~~~~~~~~~^^^^^^^^
  File "C:\Users\peang\Downloads\The-GREAT-SAGE-OPTIMIZED-v4\fullopt\great_sage\voice\f5_tts_engine.py", line 415, in generate
    wav, rate = self._generate_once(pieces[0])
                ~~~~~~~~~~~~~~~~~~~^^^^^^^^^^^
  File "C:\Users\peang\Downloads\The-GREAT-SAGE-OPTIMIZED-v4\fullopt\great_sage\voice\f5_tts_engine.py", line 394, in _generate_once
    raise VoiceError(f"F5-TTS synthesis failed: {exc}") from exc
great_sage.voice.base.VoiceError: F5-TTS synthesis failed: Failed to create AudioDecoder for C:\Users\peang\AppData\Local\Temp\tmp812cl851.wav: Could not load libtorchcodec. Likely causes:
          1. FFmpeg is not properly installed in your environment. We support
             versions 4, 5, 6, 7, 8, and 9, and we attempt to load libtorchcodec
             for each of those versions. Errors for versions not installed on
             your system are expected; only the error for your installed FFmpeg
             version is relevant. On Windows, ensure you've installed the
             "full-shared" version which ships DLLs.
          2. The PyTorch version (2.14.0+cu130) is not compatible with
             this version of TorchCodec. Refer to the version compatibility
             table:
             https://github.com/pytorch/torchcodec?tab=readme-ov-file#installing-torchcodec.
          3. Another runtime dependency; see exceptions below.

        The following exceptions were raised as we tried to load libtorchcodec:
        
[start of libtorchcodec loading traceback]
FFmpeg version 9:
Traceback (most recent call last):
  File "C:\Users\peang\AppData\Local\Programs\Python\Python314\Lib\site-packages\torch\_ops.py", line 1587, in load_library
    ctypes.CDLL(path)
    ~~~~~~~~~~~^^^^^^
  File "C:\Users\peang\AppData\Local\Programs\Python\Python314\Lib\ctypes\__init__.py", line 462, in __init__
    self._handle = _dlopen(self._name, mode)
                   ~~~~~~~^^^^^^^^^^^^^^^^^^
FileNotFoundError: Could not find module 'C:\Users\peang\AppData\Local\Programs\Python\Python314\Lib\site-packages\torchcodec\libtorchcodec_core9.dll' (or one of its dependencies). Try using the full path with constructor syntax.

The above exception was the direct cause of the following exception:

Traceback (most recent call last):
  File "C:\Users\peang\AppData\Local\Programs\Python\Python314\Lib\site-packages\torchcodec\_internally_replaced_utils.py", line 132, in load_core_libraries
    torch.ops.load_library(core_library_path)
    ~~~~~~~~~~~~~~~~~~~~~~^^^^^^^^^^^^^^^^^^^
  File "C:\Users\peang\AppData\Local\Programs\Python\Python314\Lib\site-packages\torch\_ops.py", line 1589, in load_library
    raise OSError(f"Could not load this library: {path}") from e
OSError: Could not load this library: C:\Users\peang\AppData\Local\Programs\Python\Python314\Lib\site-packages\torchcodec\libtorchcodec_core9.dll

FFmpeg version 8:
Traceback (most recent call last):
  File "C:\Users\peang\AppData\Local\Programs\Python\Python314\Lib\site-packages\torch\_ops.py", line 1587, in load_library
    ctypes.CDLL(path)
    ~~~~~~~~~~~^^^^^^
  File "C:\Users\peang\AppData\Local\Programs\Python\Python314\Lib\ctypes\__init__.py", line 462, in __init__
    self._handle = _dlopen(self._name, mode)
                   ~~~~~~~^^^^^^^^^^^^^^^^^^
FileNotFoundError: Could not find module 'C:\Users\peang\AppData\Local\Programs\Python\Python314\Lib\site-packages\torchcodec\libtorchcodec_core8.dll' (or one of its dependencies). Try using the full path with constructor syntax.

The above exception was the direct cause of the following exception:

Traceback (most recent call last):
  File "C:\Users\peang\AppData\Local\Programs\Python\Python314\Lib\site-packages\torchcodec\_internally_replaced_utils.py", line 132, in load_core_libraries
    torch.ops.load_library(core_library_path)
    ~~~~~~~~~~~~~~~~~~~~~~^^^^^^^^^^^^^^^^^^^
  File "C:\Users\peang\AppData\Local\Programs\Python\Python314\Lib\site-packages\torch\_ops.py", line 1589, in load_library
    raise OSError(f"Could not load this library: {path}") from e
OSError: Could not load this library: C:\Users\peang\AppData\Local\Programs\Python\Python314\Lib\site-packages\torchcodec\libtorchcodec_core8.dll

FFmpeg version 7:
Traceback (most recent call last):
  File "C:\Users\peang\AppData\Local\Programs\Python\Python314\Lib\site-packages\torch\_ops.py", line 1587, in load_library
    ctypes.CDLL(path)
    ~~~~~~~~~~~^^^^^^
  File "C:\Users\peang\AppData\Local\Programs\Python\Python314\Lib\ctypes\__init__.py", line 462, in __init__
    self._handle = _dlopen(self._name, mode)
                   ~~~~~~~^^^^^^^^^^^^^^^^^^
FileNotFoundError: Could not find module 'C:\Users\peang\AppData\Local\Programs\Python\Python314\Lib\site-packages\torchcodec\libtorchcodec_core7.dll' (or one of its dependencies). Try using the full path with constructor syntax.

The above exception was the direct cause of the following exception:

Traceback (most recent call last):
  File "C:\Users\peang\AppData\Local\Programs\Python\Python314\Lib\site-packages\torchcodec\_internally_replaced_utils.py", line 132, in load_core_libraries
    torch.ops.load_library(core_library_path)
    ~~~~~~~~~~~~~~~~~~~~~~^^^^^^^^^^^^^^^^^^^
  File "C:\Users\peang\AppData\Local\Programs\Python\Python314\Lib\site-packages\torch\_ops.py", line 1589, in load_library
    raise OSError(f"Could not load this library: {path}") from e
OSError: Could not load this library: C:\Users\peang\AppData\Local\Programs\Python\Python314\Lib\site-packages\torchcodec\libtorchcodec_core7.dll

FFmpeg version 6:
Traceback (most recent call last):
  File "C:\Users\peang\AppData\Local\Programs\Python\Python314\Lib\site-packages\torch\_ops.py", line 1587, in load_library
    ctypes.CDLL(path)
    ~~~~~~~~~~~^^^^^^
  File "C:\Users\peang\AppData\Local\Programs\Python\Python314\Lib\ctypes\__init__.py", line 462, in __init__
    self._handle = _dlopen(self._name, mode)
                   ~~~~~~~^^^^^^^^^^^^^^^^^^
FileNotFoundError: Could not find module 'C:\Users\peang\AppData\Local\Programs\Python\Python314\Lib\site-packages\torchcodec\libtorchcodec_core6.dll' (or one of its dependencies). Try using the full path with constructor syntax.

The above exception was the direct cause of the following exception:

Traceback (most recent call last):
  File "C:\Users\peang\AppData\Local\Programs\Python\Python314\Lib\site-packages\torchcodec\_internally_replaced_utils.py", line 132, in load_core_libraries
    torch.ops.load_library(core_library_path)
    ~~~~~~~~~~~~~~~~~~~~~~^^^^^^^^^^^^^^^^^^^
  File "C:\Users\peang\AppData\Local\Programs\Python\Python314\Lib\site-packages\torch\_ops.py", line 1589, in load_library
    raise OSError(f"Could not load this library: {path}") from e
OSError: Could not load this library: C:\Users\peang\AppData\Local\Programs\Python\Python314\Lib\site-packages\torchcodec\libtorchcodec_core6.dll

FFmpeg version 5:
Traceback (most recent call last):
  File "C:\Users\peang\AppData\Local\Programs\Python\Python314\Lib\site-packages\torch\_ops.py", line 1587, in load_library
    ctypes.CDLL(path)
    ~~~~~~~~~~~^^^^^^
  File "C:\Users\peang\AppData\Local\Programs\Python\Python314\Lib\ctypes\__init__.py", line 462, in __init__
    self._handle = _dlopen(self._name, mode)
                   ~~~~~~~^^^^^^^^^^^^^^^^^^
FileNotFoundError: Could not find module 'C:\Users\peang\AppData\Local\Programs\Python\Python314\Lib\site-packages\torchcodec\libtorchcodec_core5.dll' (or one of its dependencies). Try using the full path with constructor syntax.

The above exception was the direct cause of the following exception:

Traceback (most recent call last):
  File "C:\Users\peang\AppData\Local\Programs\Python\Python314\Lib\site-packages\torchcodec\_internally_replaced_utils.py", line 132, in load_core_libraries
    torch.ops.load_library(core_library_path)
    ~~~~~~~~~~~~~~~~~~~~~~^^^^^^^^^^^^^^^^^^^
  File "C:\Users\peang\AppData\Local\Programs\Python\Python314\Lib\site-packages\torch\_ops.py", line 1589, in load_library
    raise OSError(f"Could not load this library: {path}") from e
OSError: Could not load this library: C:\Users\peang\AppData\Local\Programs\Python\Python314\Lib\site-packages\torchcodec\libtorchcodec_core5.dll

FFmpeg version 4:
Traceback (most recent call last):
  File "C:\Users\peang\AppData\Local\Programs\Python\Python314\Lib\site-packages\torch\_ops.py", line 1587, in load_library
    ctypes.CDLL(path)
    ~~~~~~~~~~~^^^^^^
  File "C:\Users\peang\AppData\Local\Programs\Python\Python314\Lib\ctypes\__init__.py", line 462, in __init__
    self._handle = _dlopen(self._name, mode)
                   ~~~~~~~^^^^^^^^^^^^^^^^^^
FileNotFoundError: Could not find module 'C:\Users\peang\AppData\Local\Programs\Python\Python314\Lib\site-packages\torchcodec\libtorchcodec_core4.dll' (or one of its dependencies). Try using the full path with constructor syntax.

The above exception was the direct cause of the following exception:

Traceback (most recent call last):
  File "C:\Users\peang\AppData\Local\Programs\Python\Python314\Lib\site-packages\torchcodec\_internally_replaced_utils.py", line 132, in load_core_libraries
    torch.ops.load_library(core_library_path)
    ~~~~~~~~~~~~~~~~~~~~~~^^^^^^^^^^^^^^^^^^^
  File "C:\Users\peang\AppData\Local\Programs\Python\Python314\Lib\site-packages\torch\_ops.py", line 1589, in load_library
    raise OSError(f"Could not load this library: {path}") from e
OSError: Could not load this library: C:\Users\peang\AppData\Local\Programs\Python\Python314\Lib\site-packages\torchcodec\libtorchcodec_core4.dll
[end of libtorchcodec loading traceback].
2026-09-26 12:47:14,875 [INFO] great_sage.core.metrics: timing Salut, comment tu vas ? | first_token=23.61s  text_done=23.85s  total=40.96s
2026-09-26 12:47:39,952 [INFO] great_sage.server: Voice line set switched to 'japanese' (8 clips)
2026-09-26 12:47:40,552 [INFO] great_sage.server: Response language changed live: en
2026-09-26 12:47:40,552 [INFO] great_sage.server: Voice key is now alt+1 (works from any window)
2026-09-26 12:47:42,272 [INFO] great_sage.server: Response language changed live: en
2026-09-26 12:47:42,272 [INFO] great_sage.server: Voice key is now alt+1 (works from any window)
2026-09-26 12:47:45,942 [INFO] great_sage.server: Response language changed live: en
2026-09-26 12:47:45,943 [INFO] great_sage.server: Voice key is now alt+1 (works from any window)
2026-09-26 12:47:49,439 [INFO] great_sage.server: Response language changed live: en
2026-09-26 12:47:49,439 [INFO] great_sage.server: Voice key is now alt+1 (works from any window)
2026-09-26 12:47:54,854 [INFO] great_sage.server: Response language changed live: en
2026-09-26 12:47:54,855 [INFO] great_sage.server: Voice key is now alt+1 (works from any window)
2026-09-26 12:47:57,613 [INFO] great_sage.server: Response language changed live: en
2026-09-26 12:47:57,613 [INFO] great_sage.server: Voice key is now alt+1 (works from any window)
2026-09-26 12:47:58,987 [INFO] great_sage.server: Response language changed live: en
2026-09-26 12:47:58,988 [INFO] great_sage.server: Voice key is now alt+1 (works from any window)
2026-09-26 12:48:10,445 [INFO] great_sage.server: Voice key down: listening (mode COMPANION)
2026-09-26 12:48:12,664 [INFO] great_sage.server: Voice key up: transcribing
2026-09-26 12:48:12,707 [INFO] faster_whisper: Processing audio with duration 00:02.184
2026-09-26 12:48:12,711 [INFO] faster_whisper: VAD filter removed 00:00.464 of audio
2026-09-26 12:48:13,918 [INFO] great_sage.voice.speech_to_text: STT 2.18s -> 'Ça fait combien ? 1 plus 1.'
2026-09-26 12:48:16,664 [ERROR] great_sage.server: Voice/audio error speaking reply to 'Ça fait combien ? 1 plus 1.'
Traceback (most recent call last):
  File "C:\Users\peang\AppData\Local\Programs\Python\Python314\Lib\site-packages\torchaudio\_torchcodec.py", line 116, in load_with_torchcodec
    decoder = AudioDecoder(uri)
  File "C:\Users\peang\AppData\Local\Programs\Python\Python314\Lib\site-packages\torchcodec\decoders\_audio_decoder.py", line 73, in __init__
    ) = create_audio_decoder(
        ~~~~~~~~~~~~~~~~~~~~^
        source=source,
        ^^^^^^^^^^^^^^
    ...<3 lines>...
        num_channels=num_channels,
        ^^^^^^^^^^^^^^^^^^^^^^^^^^
    )
    ^
  File "C:\Users\peang\AppData\Local\Programs\Python\Python314\Lib\site-packages\torchcodec\_core\_decoder_utils.py", line 81, in create_audio_decoder
    decoder = create_decoder(source=source, seek_mode=seek_mode)
  File "C:\Users\peang\AppData\Local\Programs\Python\Python314\Lib\site-packages\torchcodec\_core\_decoder_utils.py", line 46, in create_decoder
    load_core_libraries()
    ~~~~~~~~~~~~~~~~~~~^^
  File "C:\Users\peang\AppData\Local\Programs\Python\Python314\Lib\site-packages\torchcodec\_internally_replaced_utils.py", line 145, in load_core_libraries
    raise RuntimeError(
    ...<16 lines>...
    )
RuntimeError: Could not load libtorchcodec. Likely causes:
          1. FFmpeg is not properly installed in your environment. We support
             versions 4, 5, 6, 7, 8, and 9, and we attempt to load libtorchcodec
             for each of those versions. Errors for versions not installed on
             your system are expected; only the error for your installed FFmpeg
             version is relevant. On Windows, ensure you've installed the
             "full-shared" version which ships DLLs.
          2. The PyTorch version (2.14.0+cu130) is not compatible with
             this version of TorchCodec. Refer to the version compatibility
             table:
             https://github.com/pytorch/torchcodec?tab=readme-ov-file#installing-torchcodec.
          3. Another runtime dependency; see exceptions below.

        The following exceptions were raised as we tried to load libtorchcodec:
        
[start of libtorchcodec loading traceback]
FFmpeg version 9:
Traceback (most recent call last):
  File "C:\Users\peang\AppData\Local\Programs\Python\Python314\Lib\site-packages\torch\_ops.py", line 1587, in load_library
    ctypes.CDLL(path)
    ~~~~~~~~~~~^^^^^^
  File "C:\Users\peang\AppData\Local\Programs\Python\Python314\Lib\ctypes\__init__.py", line 462, in __init__
    self._handle = _dlopen(self._name, mode)
                   ~~~~~~~^^^^^^^^^^^^^^^^^^
FileNotFoundError: Could not find module 'C:\Users\peang\AppData\Local\Programs\Python\Python314\Lib\site-packages\torchcodec\libtorchcodec_core9.dll' (or one of its dependencies). Try using the full path with constructor syntax.

The above exception was the direct cause of the following exception:

Traceback (most recent call last):
  File "C:\Users\peang\AppData\Local\Programs\Python\Python314\Lib\site-packages\torchcodec\_internally_replaced_utils.py", line 132, in load_core_libraries
    torch.ops.load_library(core_library_path)
    ~~~~~~~~~~~~~~~~~~~~~~^^^^^^^^^^^^^^^^^^^
  File "C:\Users\peang\AppData\Local\Programs\Python\Python314\Lib\site-packages\torch\_ops.py", line 1589, in load_library
    raise OSError(f"Could not load this library: {path}") from e
OSError: Could not load this library: C:\Users\peang\AppData\Local\Programs\Python\Python314\Lib\site-packages\torchcodec\libtorchcodec_core9.dll

FFmpeg version 8:
Traceback (most recent call last):
  File "C:\Users\peang\AppData\Local\Programs\Python\Python314\Lib\site-packages\torch\_ops.py", line 1587, in load_library
    ctypes.CDLL(path)
    ~~~~~~~~~~~^^^^^^
  File "C:\Users\peang\AppData\Local\Programs\Python\Python314\Lib\ctypes\__init__.py", line 462, in __init__
    self._handle = _dlopen(self._name, mode)
                   ~~~~~~~^^^^^^^^^^^^^^^^^^
FileNotFoundError: Could not find module 'C:\Users\peang\AppData\Local\Programs\Python\Python314\Lib\site-packages\torchcodec\libtorchcodec_core8.dll' (or one of its dependencies). Try using the full path with constructor syntax.

The above exception was the direct cause of the following exception:

Traceback (most recent call last):
  File "C:\Users\peang\AppData\Local\Programs\Python\Python314\Lib\site-packages\torchcodec\_internally_replaced_utils.py", line 132, in load_core_libraries
    torch.ops.load_library(core_library_path)
    ~~~~~~~~~~~~~~~~~~~~~~^^^^^^^^^^^^^^^^^^^
  File "C:\Users\peang\AppData\Local\Programs\Python\Python314\Lib\site-packages\torch\_ops.py", line 1589, in load_library
    raise OSError(f"Could not load this library: {path}") from e
OSError: Could not load this library: C:\Users\peang\AppData\Local\Programs\Python\Python314\Lib\site-packages\torchcodec\libtorchcodec_core8.dll

FFmpeg version 7:
Traceback (most recent call last):
  File "C:\Users\peang\AppData\Local\Programs\Python\Python314\Lib\site-packages\torch\_ops.py", line 1587, in load_library
    ctypes.CDLL(path)
    ~~~~~~~~~~~^^^^^^
  File "C:\Users\peang\AppData\Local\Programs\Python\Python314\Lib\ctypes\__init__.py", line 462, in __init__
    self._handle = _dlopen(self._name, mode)
                   ~~~~~~~^^^^^^^^^^^^^^^^^^
FileNotFoundError: Could not find module 'C:\Users\peang\AppData\Local\Programs\Python\Python314\Lib\site-packages\torchcodec\libtorchcodec_core7.dll' (or one of its dependencies). Try using the full path with constructor syntax.

The above exception was the direct cause of the following exception:

Traceback (most recent call last):
  File "C:\Users\peang\AppData\Local\Programs\Python\Python314\Lib\site-packages\torchcodec\_internally_replaced_utils.py", line 132, in load_core_libraries
    torch.ops.load_library(core_library_path)
    ~~~~~~~~~~~~~~~~~~~~~~^^^^^^^^^^^^^^^^^^^
  File "C:\Users\peang\AppData\Local\Programs\Python\Python314\Lib\site-packages\torch\_ops.py", line 1589, in load_library
    raise OSError(f"Could not load this library: {path}") from e
OSError: Could not load this library: C:\Users\peang\AppData\Local\Programs\Python\Python314\Lib\site-packages\torchcodec\libtorchcodec_core7.dll

FFmpeg version 6:
Traceback (most recent call last):
  File "C:\Users\peang\AppData\Local\Programs\Python\Python314\Lib\site-packages\torch\_ops.py", line 1587, in load_library
    ctypes.CDLL(path)
    ~~~~~~~~~~~^^^^^^
  File "C:\Users\peang\AppData\Local\Programs\Python\Python314\Lib\ctypes\__init__.py", line 462, in __init__
    self._handle = _dlopen(self._name, mode)
                   ~~~~~~~^^^^^^^^^^^^^^^^^^
FileNotFoundError: Could not find module 'C:\Users\peang\AppData\Local\Programs\Python\Python314\Lib\site-packages\torchcodec\libtorchcodec_core6.dll' (or one of its dependencies). Try using the full path with constructor syntax.

The above exception was the direct cause of the following exception:

Traceback (most recent call last):
  File "C:\Users\peang\AppData\Local\Programs\Python\Python314\Lib\site-packages\torchcodec\_internally_replaced_utils.py", line 132, in load_core_libraries
    torch.ops.load_library(core_library_path)
    ~~~~~~~~~~~~~~~~~~~~~~^^^^^^^^^^^^^^^^^^^
  File "C:\Users\peang\AppData\Local\Programs\Python\Python314\Lib\site-packages\torch\_ops.py", line 1589, in load_library
    raise OSError(f"Could not load this library: {path}") from e
OSError: Could not load this library: C:\Users\peang\AppData\Local\Programs\Python\Python314\Lib\site-packages\torchcodec\libtorchcodec_core6.dll

FFmpeg version 5:
Traceback (most recent call last):
  File "C:\Users\peang\AppData\Local\Programs\Python\Python314\Lib\site-packages\torch\_ops.py", line 1587, in load_library
    ctypes.CDLL(path)
    ~~~~~~~~~~~^^^^^^
  File "C:\Users\peang\AppData\Local\Programs\Python\Python314\Lib\ctypes\__init__.py", line 462, in __init__
    self._handle = _dlopen(self._name, mode)
                   ~~~~~~~^^^^^^^^^^^^^^^^^^
FileNotFoundError: Could not find module 'C:\Users\peang\AppData\Local\Programs\Python\Python314\Lib\site-packages\torchcodec\libtorchcodec_core5.dll' (or one of its dependencies). Try using the full path with constructor syntax.

The above exception was the direct cause of the following exception:

Traceback (most recent call last):
  File "C:\Users\peang\AppData\Local\Programs\Python\Python314\Lib\site-packages\torchcodec\_internally_replaced_utils.py", line 132, in load_core_libraries
    torch.ops.load_library(core_library_path)
    ~~~~~~~~~~~~~~~~~~~~~~^^^^^^^^^^^^^^^^^^^
  File "C:\Users\peang\AppData\Local\Programs\Python\Python314\Lib\site-packages\torch\_ops.py", line 1589, in load_library
    raise OSError(f"Could not load this library: {path}") from e
OSError: Could not load this library: C:\Users\peang\AppData\Local\Programs\Python\Python314\Lib\site-packages\torchcodec\libtorchcodec_core5.dll

FFmpeg version 4:
Traceback (most recent call last):
  File "C:\Users\peang\AppData\Local\Programs\Python\Python314\Lib\site-packages\torch\_ops.py", line 1587, in load_library
    ctypes.CDLL(path)
    ~~~~~~~~~~~^^^^^^
  File "C:\Users\peang\AppData\Local\Programs\Python\Python314\Lib\ctypes\__init__.py", line 462, in __init__
    self._handle = _dlopen(self._name, mode)
                   ~~~~~~~^^^^^^^^^^^^^^^^^^
FileNotFoundError: Could not find module 'C:\Users\peang\AppData\Local\Programs\Python\Python314\Lib\site-packages\torchcodec\libtorchcodec_core4.dll' (or one of its dependencies). Try using the full path with constructor syntax.

The above exception was the direct cause of the following exception:

Traceback (most recent call last):
  File "C:\Users\peang\AppData\Local\Programs\Python\Python314\Lib\site-packages\torchcodec\_internally_replaced_utils.py", line 132, in load_core_libraries
    torch.ops.load_library(core_library_path)
    ~~~~~~~~~~~~~~~~~~~~~~^^^^^^^^^^^^^^^^^^^
  File "C:\Users\peang\AppData\Local\Programs\Python\Python314\Lib\site-packages\torch\_ops.py", line 1589, in load_library
    raise OSError(f"Could not load this library: {path}") from e
OSError: Could not load this library: C:\Users\peang\AppData\Local\Programs\Python\Python314\Lib\site-packages\torchcodec\libtorchcodec_core4.dll
[end of libtorchcodec loading traceback].

The above exception was the direct cause of the following exception:

Traceback (most recent call last):
  File "C:\Users\peang\Downloads\The-GREAT-SAGE-OPTIMIZED-v4\fullopt\great_sage\voice\f5_tts_engine.py", line 385, in _generate_once
    wav, sample_rate, _ = self._infer_process(
                          ~~~~~~~~~~~~~~~~~~~^
        ref_audio, ref_text, text,
        ^^^^^^^^^^^^^^^^^^^^^^^^^^
    ...<4 lines>...
        device=self._api.device,
        ^^^^^^^^^^^^^^^^^^^^^^^^
    )
    ^
  File "C:\Users\peang\AppData\Local\Programs\Python\Python314\Lib\site-packages\f5_tts\infer\utils_infer.py", line 403, in infer_process
    audio, sr = torchaudio.load(ref_audio)
                ~~~~~~~~~~~~~~~^^^^^^^^^^^
  File "C:\Users\peang\AppData\Local\Programs\Python\Python314\Lib\site-packages\torchaudio\__init__.py", line 86, in load
    return load_with_torchcodec(
        uri,
    ...<6 lines>...
        backend=backend,
    )
  File "C:\Users\peang\AppData\Local\Programs\Python\Python314\Lib\site-packages\torchaudio\_torchcodec.py", line 118, in load_with_torchcodec
    raise RuntimeError(f"Failed to create AudioDecoder for {uri}: {e}") from e
RuntimeError: Failed to create AudioDecoder for C:\Users\peang\AppData\Local\Temp\tmp812cl851.wav: Could not load libtorchcodec. Likely causes:
          1. FFmpeg is not properly installed in your environment. We support
             versions 4, 5, 6, 7, 8, and 9, and we attempt to load libtorchcodec
             for each of those versions. Errors for versions not installed on
             your system are expected; only the error for your installed FFmpeg
             version is relevant. On Windows, ensure you've installed the
             "full-shared" version which ships DLLs.
          2. The PyTorch version (2.14.0+cu130) is not compatible with
             this version of TorchCodec. Refer to the version compatibility
             table:
             https://github.com/pytorch/torchcodec?tab=readme-ov-file#installing-torchcodec.
          3. Another runtime dependency; see exceptions below.

        The following exceptions were raised as we tried to load libtorchcodec:
        
[start of libtorchcodec loading traceback]
FFmpeg version 9:
Traceback (most recent call last):
  File "C:\Users\peang\AppData\Local\Programs\Python\Python314\Lib\site-packages\torch\_ops.py", line 1587, in load_library
    ctypes.CDLL(path)
    ~~~~~~~~~~~^^^^^^
  File "C:\Users\peang\AppData\Local\Programs\Python\Python314\Lib\ctypes\__init__.py", line 462, in __init__
    self._handle = _dlopen(self._name, mode)
                   ~~~~~~~^^^^^^^^^^^^^^^^^^
FileNotFoundError: Could not find module 'C:\Users\peang\AppData\Local\Programs\Python\Python314\Lib\site-packages\torchcodec\libtorchcodec_core9.dll' (or one of its dependencies). Try using the full path with constructor syntax.

The above exception was the direct cause of the following exception:

Traceback (most recent call last):
  File "C:\Users\peang\AppData\Local\Programs\Python\Python314\Lib\site-packages\torchcodec\_internally_replaced_utils.py", line 132, in load_core_libraries
    torch.ops.load_library(core_library_path)
    ~~~~~~~~~~~~~~~~~~~~~~^^^^^^^^^^^^^^^^^^^
  File "C:\Users\peang\AppData\Local\Programs\Python\Python314\Lib\site-packages\torch\_ops.py", line 1589, in load_library
    raise OSError(f"Could not load this library: {path}") from e
OSError: Could not load this library: C:\Users\peang\AppData\Local\Programs\Python\Python314\Lib\site-packages\torchcodec\libtorchcodec_core9.dll

FFmpeg version 8:
Traceback (most recent call last):
  File "C:\Users\peang\AppData\Local\Programs\Python\Python314\Lib\site-packages\torch\_ops.py", line 1587, in load_library
    ctypes.CDLL(path)
    ~~~~~~~~~~~^^^^^^
  File "C:\Users\peang\AppData\Local\Programs\Python\Python314\Lib\ctypes\__init__.py", line 462, in __init__
    self._handle = _dlopen(self._name, mode)
                   ~~~~~~~^^^^^^^^^^^^^^^^^^
FileNotFoundError: Could not find module 'C:\Users\peang\AppData\Local\Programs\Python\Python314\Lib\site-packages\torchcodec\libtorchcodec_core8.dll' (or one of its dependencies). Try using the full path with constructor syntax.

The above exception was the direct cause of the following exception:

Traceback (most recent call last):
  File "C:\Users\peang\AppData\Local\Programs\Python\Python314\Lib\site-packages\torchcodec\_internally_replaced_utils.py", line 132, in load_core_libraries
    torch.ops.load_library(core_library_path)
    ~~~~~~~~~~~~~~~~~~~~~~^^^^^^^^^^^^^^^^^^^
  File "C:\Users\peang\AppData\Local\Programs\Python\Python314\Lib\site-packages\torch\_ops.py", line 1589, in load_library
    raise OSError(f"Could not load this library: {path}") from e
OSError: Could not load this library: C:\Users\peang\AppData\Local\Programs\Python\Python314\Lib\site-packages\torchcodec\libtorchcodec_core8.dll

FFmpeg version 7:
Traceback (most recent call last):
  File "C:\Users\peang\AppData\Local\Programs\Python\Python314\Lib\site-packages\torch\_ops.py", line 1587, in load_library
    ctypes.CDLL(path)
    ~~~~~~~~~~~^^^^^^
  File "C:\Users\peang\AppData\Local\Programs\Python\Python314\Lib\ctypes\__init__.py", line 462, in __init__
    self._handle = _dlopen(self._name, mode)
                   ~~~~~~~^^^^^^^^^^^^^^^^^^
FileNotFoundError: Could not find module 'C:\Users\peang\AppData\Local\Programs\Python\Python314\Lib\site-packages\torchcodec\libtorchcodec_core7.dll' (or one of its dependencies). Try using the full path with constructor syntax.

The above exception was the direct cause of the following exception:

Traceback (most recent call last):
  File "C:\Users\peang\AppData\Local\Programs\Python\Python314\Lib\site-packages\torchcodec\_internally_replaced_utils.py", line 132, in load_core_libraries
    torch.ops.load_library(core_library_path)
    ~~~~~~~~~~~~~~~~~~~~~~^^^^^^^^^^^^^^^^^^^
  File "C:\Users\peang\AppData\Local\Programs\Python\Python314\Lib\site-packages\torch\_ops.py", line 1589, in load_library
    raise OSError(f"Could not load this library: {path}") from e
OSError: Could not load this library: C:\Users\peang\AppData\Local\Programs\Python\Python314\Lib\site-packages\torchcodec\libtorchcodec_core7.dll

FFmpeg version 6:
Traceback (most recent call last):
  File "C:\Users\peang\AppData\Local\Programs\Python\Python314\Lib\site-packages\torch\_ops.py", line 1587, in load_library
    ctypes.CDLL(path)
    ~~~~~~~~~~~^^^^^^
  File "C:\Users\peang\AppData\Local\Programs\Python\Python314\Lib\ctypes\__init__.py", line 462, in __init__
    self._handle = _dlopen(self._name, mode)
                   ~~~~~~~^^^^^^^^^^^^^^^^^^
FileNotFoundError: Could not find module 'C:\Users\peang\AppData\Local\Programs\Python\Python314\Lib\site-packages\torchcodec\libtorchcodec_core6.dll' (or one of its dependencies). Try using the full path with constructor syntax.

The above exception was the direct cause of the following exception:

Traceback (most recent call last):
  File "C:\Users\peang\AppData\Local\Programs\Python\Python314\Lib\site-packages\torchcodec\_internally_replaced_utils.py", line 132, in load_core_libraries
    torch.ops.load_library(core_library_path)
    ~~~~~~~~~~~~~~~~~~~~~~^^^^^^^^^^^^^^^^^^^
  File "C:\Users\peang\AppData\Local\Programs\Python\Python314\Lib\site-packages\torch\_ops.py", line 1589, in load_library
    raise OSError(f"Could not load this library: {path}") from e
OSError: Could not load this library: C:\Users\peang\AppData\Local\Programs\Python\Python314\Lib\site-packages\torchcodec\libtorchcodec_core6.dll

FFmpeg version 5:
Traceback (most recent call last):
  File "C:\Users\peang\AppData\Local\Programs\Python\Python314\Lib\site-packages\torch\_ops.py", line 1587, in load_library
    ctypes.CDLL(path)
    ~~~~~~~~~~~^^^^^^
  File "C:\Users\peang\AppData\Local\Programs\Python\Python314\Lib\ctypes\__init__.py", line 462, in __init__
    self._handle = _dlopen(self._name, mode)
                   ~~~~~~~^^^^^^^^^^^^^^^^^^
FileNotFoundError: Could not find module 'C:\Users\peang\AppData\Local\Programs\Python\Python314\Lib\site-packages\torchcodec\libtorchcodec_core5.dll' (or one of its dependencies). Try using the full path with constructor syntax.

The above exception was the direct cause of the following exception:

Traceback (most recent call last):
  File "C:\Users\peang\AppData\Local\Programs\Python\Python314\Lib\site-packages\torchcodec\_internally_replaced_utils.py", line 132, in load_core_libraries
    torch.ops.load_library(core_library_path)
    ~~~~~~~~~~~~~~~~~~~~~~^^^^^^^^^^^^^^^^^^^
  File "C:\Users\peang\AppData\Local\Programs\Python\Python314\Lib\site-packages\torch\_ops.py", line 1589, in load_library
    raise OSError(f"Could not load this library: {path}") from e
OSError: Could not load this library: C:\Users\peang\AppData\Local\Programs\Python\Python314\Lib\site-packages\torchcodec\libtorchcodec_core5.dll

FFmpeg version 4:
Traceback (most recent call last):
  File "C:\Users\peang\AppData\Local\Programs\Python\Python314\Lib\site-packages\torch\_ops.py", line 1587, in load_library
    ctypes.CDLL(path)
    ~~~~~~~~~~~^^^^^^
  File "C:\Users\peang\AppData\Local\Programs\Python\Python314\Lib\ctypes\__init__.py", line 462, in __init__
    self._handle = _dlopen(self._name, mode)
                   ~~~~~~~^^^^^^^^^^^^^^^^^^
FileNotFoundError: Could not find module 'C:\Users\peang\AppData\Local\Programs\Python\Python314\Lib\site-packages\torchcodec\libtorchcodec_core4.dll' (or one of its dependencies). Try using the full path with constructor syntax.

The above exception was the direct cause of the following exception:

Traceback (most recent call last):
  File "C:\Users\peang\AppData\Local\Programs\Python\Python314\Lib\site-packages\torchcodec\_internally_replaced_utils.py", line 132, in load_core_libraries
    torch.ops.load_library(core_library_path)
    ~~~~~~~~~~~~~~~~~~~~~~^^^^^^^^^^^^^^^^^^^
  File "C:\Users\peang\AppData\Local\Programs\Python\Python314\Lib\site-packages\torch\_ops.py", line 1589, in load_library
    raise OSError(f"Could not load this library: {path}") from e
OSError: Could not load this library: C:\Users\peang\AppData\Local\Programs\Python\Python314\Lib\site-packages\torchcodec\libtorchcodec_core4.dll
[end of libtorchcodec loading traceback].

The above exception was the direct cause of the following exception:

Traceback (most recent call last):
  File "C:\Users\peang\Downloads\The-GREAT-SAGE-OPTIMIZED-v4\fullopt\great_sage\server.py", line 860, in _handle_chat
    voice.speak(cap_for_speech(speakable("".join(reply_chunks))))
    ~~~~~~~~~~~^^^^^^^^^^^^^^^^^^^^^^^^^^^^^^^^^^^^^^^^^^^^^^^^^^
  File "C:\Users\peang\Downloads\The-GREAT-SAGE-OPTIMIZED-v4\fullopt\great_sage\voice\f5_tts_engine.py", line 582, in speak
    self._speak_tts_segment(payload)
    ~~~~~~~~~~~~~~~~~~~~~~~^^^^^^^^^
  File "C:\Users\peang\Downloads\The-GREAT-SAGE-OPTIMIZED-v4\fullopt\great_sage\voice\f5_tts_engine.py", line 486, in _speak_tts_segment
    samples, rate = self.generate(spoken)
                    ~~~~~~~~~~~~~^^^^^^^^
  File "C:\Users\peang\Downloads\The-GREAT-SAGE-OPTIMIZED-v4\fullopt\great_sage\voice\f5_tts_engine.py", line 415, in generate
    wav, rate = self._generate_once(pieces[0])
                ~~~~~~~~~~~~~~~~~~~^^^^^^^^^^^
  File "C:\Users\peang\Downloads\The-GREAT-SAGE-OPTIMIZED-v4\fullopt\great_sage\voice\f5_tts_engine.py", line 394, in _generate_once
    raise VoiceError(f"F5-TTS synthesis failed: {exc}") from exc
great_sage.voice.base.VoiceError: F5-TTS synthesis failed: Failed to create AudioDecoder for C:\Users\peang\AppData\Local\Temp\tmp812cl851.wav: Could not load libtorchcodec. Likely causes:
          1. FFmpeg is not properly installed in your environment. We support
             versions 4, 5, 6, 7, 8, and 9, and we attempt to load libtorchcodec
             for each of those versions. Errors for versions not installed on
             your system are expected; only the error for your installed FFmpeg
             version is relevant. On Windows, ensure you've installed the
             "full-shared" version which ships DLLs.
          2. The PyTorch version (2.14.0+cu130) is not compatible with
             this version of TorchCodec. Refer to the version compatibility
             table:
             https://github.com/pytorch/torchcodec?tab=readme-ov-file#installing-torchcodec.
          3. Another runtime dependency; see exceptions below.

        The following exceptions were raised as we tried to load libtorchcodec:
        
[start of libtorchcodec loading traceback]
FFmpeg version 9:
Traceback (most recent call last):
  File "C:\Users\peang\AppData\Local\Programs\Python\Python314\Lib\site-packages\torch\_ops.py", line 1587, in load_library
    ctypes.CDLL(path)
    ~~~~~~~~~~~^^^^^^
  File "C:\Users\peang\AppData\Local\Programs\Python\Python314\Lib\ctypes\__init__.py", line 462, in __init__
    self._handle = _dlopen(self._name, mode)
                   ~~~~~~~^^^^^^^^^^^^^^^^^^
FileNotFoundError: Could not find module 'C:\Users\peang\AppData\Local\Programs\Python\Python314\Lib\site-packages\torchcodec\libtorchcodec_core9.dll' (or one of its dependencies). Try using the full path with constructor syntax.

The above exception was the direct cause of the following exception:

Traceback (most recent call last):
  File "C:\Users\peang\AppData\Local\Programs\Python\Python314\Lib\site-packages\torchcodec\_internally_replaced_utils.py", line 132, in load_core_libraries
    torch.ops.load_library(core_library_path)
    ~~~~~~~~~~~~~~~~~~~~~~^^^^^^^^^^^^^^^^^^^
  File "C:\Users\peang\AppData\Local\Programs\Python\Python314\Lib\site-packages\torch\_ops.py", line 1589, in load_library
    raise OSError(f"Could not load this library: {path}") from e
OSError: Could not load this library: C:\Users\peang\AppData\Local\Programs\Python\Python314\Lib\site-packages\torchcodec\libtorchcodec_core9.dll

FFmpeg version 8:
Traceback (most recent call last):
  File "C:\Users\peang\AppData\Local\Programs\Python\Python314\Lib\site-packages\torch\_ops.py", line 1587, in load_library
    ctypes.CDLL(path)
    ~~~~~~~~~~~^^^^^^
  File "C:\Users\peang\AppData\Local\Programs\Python\Python314\Lib\ctypes\__init__.py", line 462, in __init__
    self._handle = _dlopen(self._name, mode)
                   ~~~~~~~^^^^^^^^^^^^^^^^^^
FileNotFoundError: Could not find module 'C:\Users\peang\AppData\Local\Programs\Python\Python314\Lib\site-packages\torchcodec\libtorchcodec_core8.dll' (or one of its dependencies). Try using the full path with constructor syntax.

The above exception was the direct cause of the following exception:

Traceback (most recent call last):
  File "C:\Users\peang\AppData\Local\Programs\Python\Python314\Lib\site-packages\torchcodec\_internally_replaced_utils.py", line 132, in load_core_libraries
    torch.ops.load_library(core_library_path)
    ~~~~~~~~~~~~~~~~~~~~~~^^^^^^^^^^^^^^^^^^^
  File "C:\Users\peang\AppData\Local\Programs\Python\Python314\Lib\site-packages\torch\_ops.py", line 1589, in load_library
    raise OSError(f"Could not load this library: {path}") from e
OSError: Could not load this library: C:\Users\peang\AppData\Local\Programs\Python\Python314\Lib\site-packages\torchcodec\libtorchcodec_core8.dll

FFmpeg version 7:
Traceback (most recent call last):
  File "C:\Users\peang\AppData\Local\Programs\Python\Python314\Lib\site-packages\torch\_ops.py", line 1587, in load_library
    ctypes.CDLL(path)
    ~~~~~~~~~~~^^^^^^
  File "C:\Users\peang\AppData\Local\Programs\Python\Python314\Lib\ctypes\__init__.py", line 462, in __init__
    self._handle = _dlopen(self._name, mode)
                   ~~~~~~~^^^^^^^^^^^^^^^^^^
FileNotFoundError: Could not find module 'C:\Users\peang\AppData\Local\Programs\Python\Python314\Lib\site-packages\torchcodec\libtorchcodec_core7.dll' (or one of its dependencies). Try using the full path with constructor syntax.

The above exception was the direct cause of the following exception:

Traceback (most recent call last):
  File "C:\Users\peang\AppData\Local\Programs\Python\Python314\Lib\site-packages\torchcodec\_internally_replaced_utils.py", line 132, in load_core_libraries
    torch.ops.load_library(core_library_path)
    ~~~~~~~~~~~~~~~~~~~~~~^^^^^^^^^^^^^^^^^^^
  File "C:\Users\peang\AppData\Local\Programs\Python\Python314\Lib\site-packages\torch\_ops.py", line 1589, in load_library
    raise OSError(f"Could not load this library: {path}") from e
OSError: Could not load this library: C:\Users\peang\AppData\Local\Programs\Python\Python314\Lib\site-packages\torchcodec\libtorchcodec_core7.dll

FFmpeg version 6:
Traceback (most recent call last):
  File "C:\Users\peang\AppData\Local\Programs\Python\Python314\Lib\site-packages\torch\_ops.py", line 1587, in load_library
    ctypes.CDLL(path)
    ~~~~~~~~~~~^^^^^^
  File "C:\Users\peang\AppData\Local\Programs\Python\Python314\Lib\ctypes\__init__.py", line 462, in __init__
    self._handle = _dlopen(self._name, mode)
                   ~~~~~~~^^^^^^^^^^^^^^^^^^
FileNotFoundError: Could not find module 'C:\Users\peang\AppData\Local\Programs\Python\Python314\Lib\site-packages\torchcodec\libtorchcodec_core6.dll' (or one of its dependencies). Try using the full path with constructor syntax.

The above exception was the direct cause of the following exception:

Traceback (most recent call last):
  File "C:\Users\peang\AppData\Local\Programs\Python\Python314\Lib\site-packages\torchcodec\_internally_replaced_utils.py", line 132, in load_core_libraries
    torch.ops.load_library(core_library_path)
    ~~~~~~~~~~~~~~~~~~~~~~^^^^^^^^^^^^^^^^^^^
  File "C:\Users\peang\AppData\Local\Programs\Python\Python314\Lib\site-packages\torch\_ops.py", line 1589, in load_library
    raise OSError(f"Could not load this library: {path}") from e
OSError: Could not load this library: C:\Users\peang\AppData\Local\Programs\Python\Python314\Lib\site-packages\torchcodec\libtorchcodec_core6.dll

FFmpeg version 5:
Traceback (most recent call last):
  File "C:\Users\peang\AppData\Local\Programs\Python\Python314\Lib\site-packages\torch\_ops.py", line 1587, in load_library
    ctypes.CDLL(path)
    ~~~~~~~~~~~^^^^^^
  File "C:\Users\peang\AppData\Local\Programs\Python\Python314\Lib\ctypes\__init__.py", line 462, in __init__
    self._handle = _dlopen(self._name, mode)
                   ~~~~~~~^^^^^^^^^^^^^^^^^^
FileNotFoundError: Could not find module 'C:\Users\peang\AppData\Local\Programs\Python\Python314\Lib\site-packages\torchcodec\libtorchcodec_core5.dll' (or one of its dependencies). Try using the full path with constructor syntax.

The above exception was the direct cause of the following exception:

Traceback (most recent call last):
  File "C:\Users\peang\AppData\Local\Programs\Python\Python314\Lib\site-packages\torchcodec\_internally_replaced_utils.py", line 132, in load_core_libraries
    torch.ops.load_library(core_library_path)
    ~~~~~~~~~~~~~~~~~~~~~~^^^^^^^^^^^^^^^^^^^
  File "C:\Users\peang\AppData\Local\Programs\Python\Python314\Lib\site-packages\torch\_ops.py", line 1589, in load_library
    raise OSError(f"Could not load this library: {path}") from e
OSError: Could not load this library: C:\Users\peang\AppData\Local\Programs\Python\Python314\Lib\site-packages\torchcodec\libtorchcodec_core5.dll

FFmpeg version 4:
Traceback (most recent call last):
  File "C:\Users\peang\AppData\Local\Programs\Python\Python314\Lib\site-packages\torch\_ops.py", line 1587, in load_library
    ctypes.CDLL(path)
    ~~~~~~~~~~~^^^^^^
  File "C:\Users\peang\AppData\Local\Programs\Python\Python314\Lib\ctypes\__init__.py", line 462, in __init__
    self._handle = _dlopen(self._name, mode)
                   ~~~~~~~^^^^^^^^^^^^^^^^^^
FileNotFoundError: Could not find module 'C:\Users\peang\AppData\Local\Programs\Python\Python314\Lib\site-packages\torchcodec\libtorchcodec_core4.dll' (or one of its dependencies). Try using the full path with constructor syntax.

The above exception was the direct cause of the following exception:

Traceback (most recent call last):
  File "C:\Users\peang\AppData\Local\Programs\Python\Python314\Lib\site-packages\torchcodec\_internally_replaced_utils.py", line 132, in load_core_libraries
    torch.ops.load_library(core_library_path)
    ~~~~~~~~~~~~~~~~~~~~~~^^^^^^^^^^^^^^^^^^^
  File "C:\Users\peang\AppData\Local\Programs\Python\Python314\Lib\site-packages\torch\_ops.py", line 1589, in load_library
    raise OSError(f"Could not load this library: {path}") from e
OSError: Could not load this library: C:\Users\peang\AppData\Local\Programs\Python\Python314\Lib\site-packages\torchcodec\libtorchcodec_core4.dll
[end of libtorchcodec loading traceback].
2026-09-26 12:48:16,668 [INFO] great_sage.core.metrics: timing Ça fait combien ? 1 plus 1. | first_token=2.60s  text_done=2.73s  total=2.75s
